,output_dim,base_filters,kernel_size,activation,nblocks,pool,dropout,closer,metrics,epochs,batch_size,optimizer,accuracy,loss,val_accuracy,val_loss,len_dataset,n_features,dominant_class,thickness
0,2,32,3,relu,2,2,False,True,accuracy,12,32,adam,0.49828124046325684,0.6931953430175781,0.4893749952316284,0.693315863609314,8000,150,0.5,3
1,2,32,3,relu,2,2,False,True,accuracy,12,32,rmsprop,0.5026562213897705,0.6931911706924438,0.4893749952316284,0.6932705044746399,8000,150,0.5,3
2,2,32,3,relu,2,2,False,True,accuracy,6,32,sgd,0.49796876311302185,0.6931989789009094,0.4893749952316284,0.69322669506073,8000,150,0.5,3
3,2,32,3,relu,2,2,False,False,accuracy,12,32,adam,0.5026562213897705,0.6932597160339355,0.4893749952316284,0.6933256387710571,8000,150,0.5,3
4,2,32,3,relu,2,2,False,False,accuracy,6,32,rmsprop,0.4998437464237213,0.6932206153869629,0.5106250047683716,0.6930933594703674,8000,150,0.5,3
5,2,32,3,relu,2,2,False,False,accuracy,8,32,sgd,0.5026562213897705,0.6931934356689453,0.4893749952316284,0.6932681202888489,8000,150,0.5,3
6,2,32,3,relu,2,2,True,True,accuracy,8,32,adam,0.9801562428474426,0.06046713516116142,0.7099999785423279,1.317664384841919,8000,150,0.5,3
7,2,32,3,relu,2,2,True,True,accuracy,13,32,rmsprop,0.5026562213897705,0.6931946277618408,0.4893749952316284,0.6931564807891846,8000,150,0.5,3
8,2,32,3,relu,2,2,True,True,accuracy,11,32,sgd,0.49421873688697815,0.6931771636009216,0.4893749952316284,0.6932293176651001,8000,150,0.5,3
9,2,32,3,relu,2,2,True,False,accuracy,8,32,adam,0.9809374809265137,0.054586008191108704,0.7362499833106995,1.1464166641235352,8000,150,0.5,3
10,2,32,3,relu,2,2,True,False,accuracy,8,32,rmsprop,0.9828125238418579,0.04841698333621025,0.71875,1.5054022073745728,8000,150,0.5,3
11,2,32,3,relu,2,2,True,False,accuracy,6,32,sgd,0.5026562213897705,0.6932095289230347,0.4893749952316284,0.6932891011238098,8000,150,0.5,3
12,2,32,3,relu,3,2,False,True,accuracy,9,32,adam,0.9482812285423279,0.14745570719242096,0.7293750047683716,0.8728735446929932,8000,150,0.5,3
13,2,32,3,relu,3,2,False,True,accuracy,12,32,rmsprop,0.5026562213897705,0.6932181715965271,0.4893749952316284,0.6932966113090515,8000,150,0.5,3
14,2,32,3,relu,3,2,False,True,accuracy,9,32,sgd,0.9831249713897705,0.04959569871425629,0.7450000047683716,1.303612232208252,8000,150,0.5,3
15,2,32,3,relu,3,2,False,False,accuracy,8,32,adam,0.9764062762260437,0.07007639855146408,0.7262499928474426,0.9711633920669556,8000,150,0.5,3
16,2,32,3,relu,3,2,False,False,accuracy,12,32,rmsprop,0.9868749976158142,0.041049785912036896,0.715624988079071,1.2082643508911133,8000,150,0.5,3
17,2,32,3,relu,3,2,False,False,accuracy,8,32,sgd,0.9814062714576721,0.055548883974552155,0.7275000214576721,1.2837721109390259,8000,150,0.5,3
18,2,32,3,relu,3,2,True,True,accuracy,9,32,adam,0.971875011920929,0.0759267657995224,0.7231249809265137,1.0509579181671143,8000,150,0.5,3
19,2,32,3,relu,3,2,True,True,accuracy,6,32,rmsprop,0.49921876192092896,0.6931991577148438,0.4893749952316284,0.6931790709495544,8000,150,0.5,3
20,2,32,3,relu,3,2,True,True,accuracy,9,32,sgd,0.5026562213897705,0.6931894421577454,0.4893749952316284,0.6932386755943298,8000,150,0.5,3
21,2,32,3,relu,3,2,True,False,accuracy,8,32,adam,0.9790624976158142,0.06078748404979706,0.7231249809265137,1.14804208278656,8000,150,0.5,3
22,2,32,3,relu,3,2,True,False,accuracy,9,32,rmsprop,0.5026562213897705,0.6932333111763,0.4893749952316284,0.6933383941650391,8000,150,0.5,3
23,2,32,3,relu,3,2,True,False,accuracy,6,32,sgd,0.49953123927116394,0.6932072639465332,0.4893749952316284,0.6933532953262329,8000,150,0.5,3
24,2,32,3,relu,4,2,False,True,accuracy,7,32,adam,0.9767187237739563,0.06841084361076355,0.6875,1.2919505834579468,8000,150,0.5,3
25,2,32,3,relu,4,2,False,True,accuracy,8,32,rmsprop,0.5026562213897705,0.6932123303413391,0.4893749952316284,0.6932670474052429,8000,150,0.5,3
26,2,32,3,relu,4,2,False,True,accuracy,9,32,sgd,0.49953123927116394,0.6932147741317749,0.4893749952316284,0.6933684349060059,8000,150,0.5,3
27,2,32,3,relu,4,2,False,False,accuracy,20,32,adam,0.5026562213897705,0.6932483911514282,0.4893749952316284,0.6932725310325623,8000,150,0.5,3
28,2,32,3,relu,4,2,False,False,accuracy,9,32,rmsprop,0.926562488079071,0.22297722101211548,0.7212499976158142,0.7921169400215149,8000,150,0.5,3
29,2,32,3,relu,4,2,False,False,accuracy,7,32,sgd,0.9626562595367432,0.09686388075351715,0.7149999737739563,0.9232487678527832,8000,150,0.5,3
30,2,32,3,relu,4,2,True,True,accuracy,8,32,adam,0.9681249856948853,0.08760516345500946,0.7574999928474426,1.0232130289077759,8000,150,0.5,3
31,2,32,3,relu,4,2,True,True,accuracy,9,32,rmsprop,0.9456250071525574,0.18781030178070068,0.6987500190734863,0.8267133831977844,8000,150,0.5,3
32,2,32,3,relu,4,2,True,True,accuracy,19,32,sgd,0.5026562213897705,0.6931875348091125,0.4893749952316284,0.6933313608169556,8000,150,0.5,3
33,2,32,3,relu,4,2,True,False,accuracy,9,32,adam,0.5026562213897705,0.6931631565093994,0.4893749952316284,0.6931988596916199,8000,150,0.5,3
34,2,32,3,relu,4,2,True,False,accuracy,9,32,rmsprop,0.983593761920929,0.050123363733291626,0.7268750071525574,1.2220687866210938,8000,150,0.5,3
35,2,32,3,relu,4,2,True,False,accuracy,8,32,sgd,0.49171873927116394,0.6931988000869751,0.4893749952316284,0.693342924118042,8000,150,0.5,3
36,2,32,3,relu,5,2,False,True,accuracy,9,32,adam,0.5026562213897705,0.6931822896003723,0.4893749952316284,0.6932489275932312,8000,150,0.5,3
37,2,32,3,relu,5,2,False,True,accuracy,8,32,rmsprop,0.49796876311302185,0.6932090520858765,0.4893749952316284,0.6932299733161926,8000,150,0.5,3
38,2,32,3,relu,5,2,False,True,accuracy,6,32,sgd,0.4945312440395355,0.6932022571563721,0.4893749952316284,0.6933590769767761,8000,150,0.5,3
39,2,32,3,relu,5,2,False,False,accuracy,9,32,adam,0.9571874737739563,0.11223581433296204,0.7287499904632568,0.9437373876571655,8000,150,0.5,3
40,2,32,3,relu,5,2,False,False,accuracy,6,32,rmsprop,0.5026562213897705,0.6932296752929688,0.4893749952316284,0.6932130455970764,8000,150,0.5,3
41,2,32,3,relu,5,2,False,False,accuracy,8,32,sgd,0.5026562213897705,0.6931760907173157,0.4893749952316284,0.6932394504547119,8000,150,0.5,3
42,2,32,3,relu,5,2,True,True,accuracy,11,32,adam,0.4976562559604645,0.6932345032691956,0.4893749952316284,0.6934558153152466,8000,150,0.5,3
43,2,32,3,relu,5,2,True,True,accuracy,11,32,rmsprop,0.500781238079071,0.6931880116462708,0.4893749952316284,0.6933128833770752,8000,150,0.5,3
44,2,32,3,relu,5,2,True,True,accuracy,6,32,sgd,0.4976562559604645,0.6931841969490051,0.4893749952316284,0.6933653950691223,8000,150,0.5,3
45,2,32,3,relu,5,2,True,False,accuracy,7,32,adam,0.5026562213897705,0.6931906938552856,0.4893749952316284,0.6932966709136963,8000,150,0.5,3
46,2,32,3,relu,5,2,True,False,accuracy,6,32,rmsprop,0.4964062571525574,0.6931968927383423,0.4893749952316284,0.6933164000511169,8000,150,0.5,3
47,2,32,3,relu,5,2,True,False,accuracy,6,32,sgd,0.5026562213897705,0.6931988596916199,0.4893749952316284,0.6934105157852173,8000,150,0.5,3
48,2,32,3,tanh,2,2,False,True,accuracy,8,32,adam,0.4998437464237213,0.6932043433189392,0.4893749952316284,0.6933290958404541,8000,150,0.5,3
49,2,32,3,tanh,2,2,False,True,accuracy,8,32,rmsprop,0.9681249856948853,0.08150304853916168,0.7081249952316284,1.0792899131774902,8000,150,0.5,3
50,2,32,3,tanh,2,2,False,True,accuracy,8,32,sgd,0.9737499952316284,0.07501377165317535,0.7200000286102295,1.025510549545288,8000,150,0.5,3
51,2,32,3,tanh,2,2,False,False,accuracy,9,32,adam,0.49609375,0.6932078003883362,0.4893749952316284,0.6932972073554993,8000,150,0.5,3
52,2,32,3,tanh,2,2,False,False,accuracy,9,32,rmsprop,0.9553124904632568,0.11206014454364777,0.7418749928474426,1.044562578201294,8000,150,0.5,3
53,2,32,3,tanh,2,2,False,False,accuracy,14,32,sgd,0.4957812428474426,0.6931996941566467,0.4893749952316284,0.6933391690254211,8000,150,0.5,3
54,2,32,3,tanh,2,2,True,True,accuracy,8,32,adam,0.9809374809265137,0.05024254694581032,0.7162500023841858,1.3551315069198608,8000,150,0.5,3
55,2,32,3,tanh,2,2,True,True,accuracy,7,32,rmsprop,0.9696875214576721,0.08400078117847443,0.7237499952316284,0.9794982075691223,8000,150,0.5,3
56,2,32,3,tanh,2,2,True,True,accuracy,8,32,sgd,0.98828125,0.04133148118853569,0.7250000238418579,1.1322500705718994,8000,150,0.5,3
57,2,32,3,tanh,2,2,True,False,accuracy,6,32,adam,0.49921876192092896,0.6931913495063782,0.4893749952316284,0.6931471824645996,8000,150,0.5,3
58,2,32,3,tanh,2,2,True,False,accuracy,8,32,rmsprop,0.9896875023841858,0.03627040237188339,0.6962500214576721,1.562983512878418,8000,150,0.5,3
59,2,32,3,tanh,2,2,True,False,accuracy,6,32,sgd,0.4957812428474426,0.6932229399681091,0.4893749952316284,0.6933885812759399,8000,150,0.5,3
60,2,32,3,tanh,3,2,False,True,accuracy,8,32,adam,0.5026562213897705,0.6932348012924194,0.4893749952316284,0.6932399868965149,8000,150,0.5,3
61,2,32,3,tanh,3,2,False,True,accuracy,10,32,rmsprop,0.9432812333106995,0.19071851670742035,0.7337499856948853,0.8657243251800537,8000,150,0.5,3
62,2,32,3,tanh,3,2,False,True,accuracy,6,32,sgd,0.4948437511920929,0.6932547688484192,0.4893749952316284,0.6933366656303406,8000,150,0.5,3
63,2,32,3,tanh,3,2,False,False,accuracy,8,32,adam,0.9803125262260437,0.05790790170431137,0.7293750047683716,1.2797092199325562,8000,150,0.5,3
64,2,32,3,tanh,3,2,False,False,accuracy,9,32,rmsprop,0.9879687428474426,0.03782076761126518,0.715624988079071,1.3342525959014893,8000,150,0.5,3
65,2,32,3,tanh,3,2,False,False,accuracy,16,32,sgd,0.5026562213897705,0.6932145953178406,0.4893749952316284,0.6932045221328735,8000,150,0.5,3
66,2,32,3,tanh,3,2,True,True,accuracy,8,32,adam,0.5026562213897705,0.693227231502533,0.4893749952316284,0.6932146549224854,8000,150,0.5,3
67,2,32,3,tanh,3,2,True,True,accuracy,7,32,rmsprop,0.5026562213897705,0.6932187080383301,0.4893749952316284,0.6933251023292542,8000,150,0.5,3
68,2,32,3,tanh,3,2,True,True,accuracy,8,32,sgd,0.5026562213897705,0.6931771636009216,0.4893749952316284,0.6932742595672607,8000,150,0.5,3
69,2,32,3,tanh,3,2,True,False,accuracy,21,32,adam,0.5001562237739563,0.6931743621826172,0.4893749952316284,0.6933894157409668,8000,150,0.5,3
70,2,32,3,tanh,3,2,True,False,accuracy,6,32,rmsprop,0.5026562213897705,0.6931813955307007,0.4893749952316284,0.6931979656219482,8000,150,0.5,3
71,2,32,3,tanh,3,2,True,False,accuracy,13,32,sgd,0.4957812428474426,0.6931989192962646,0.4893749952316284,0.6933448314666748,8000,150,0.5,3
72,2,32,3,tanh,4,2,False,True,accuracy,6,32,adam,0.5026562213897705,0.6932149529457092,0.4893749952316284,0.6933302283287048,8000,150,0.5,3
73,2,32,3,tanh,4,2,False,True,accuracy,7,32,rmsprop,0.4989062547683716,0.6931974291801453,0.4893749952316284,0.6933613419532776,8000,150,0.5,3
74,2,32,3,tanh,4,2,False,True,accuracy,13,32,sgd,0.4957812428474426,0.6932216882705688,0.4893749952316284,0.6932723522186279,8000,150,0.5,3
75,2,32,3,tanh,4,2,False,False,accuracy,7,32,adam,0.9709374904632568,0.07846631109714508,0.7093750238418579,1.3207882642745972,8000,150,0.5,3
76,2,32,3,tanh,4,2,False,False,accuracy,8,32,rmsprop,0.9803125262260437,0.05639619380235672,0.7024999856948853,1.2206823825836182,8000,150,0.5,3
77,2,32,3,tanh,4,2,False,False,accuracy,9,32,sgd,0.5026562213897705,0.693217396736145,0.4893749952316284,0.693264365196228,8000,150,0.5,3
78,2,32,3,tanh,4,2,True,True,accuracy,6,32,adam,0.5026562213897705,0.6931881904602051,0.4893749952316284,0.693291425704956,8000,150,0.5,3
79,2,32,3,tanh,4,2,True,True,accuracy,10,32,rmsprop,0.5026562213897705,0.6931893825531006,0.4893749952316284,0.6932474374771118,8000,150,0.5,3
80,2,32,3,tanh,4,2,True,True,accuracy,9,32,sgd,0.9743750095367432,0.07422013580799103,0.6818749904632568,1.0199000835418701,8000,150,0.5,3
81,2,32,3,tanh,4,2,True,False,accuracy,8,32,adam,0.5026562213897705,0.6931915283203125,0.4893749952316284,0.6932406425476074,8000,150,0.5,3
82,2,32,3,tanh,4,2,True,False,accuracy,6,32,rmsprop,0.5026562213897705,0.6932308673858643,0.4893749952316284,0.6932348012924194,8000,150,0.5,3
83,2,32,3,tanh,4,2,True,False,accuracy,8,32,sgd,0.5017187595367432,0.6931983828544617,0.4893749952316284,0.69325852394104,8000,150,0.5,3
84,2,32,3,tanh,5,2,False,True,accuracy,6,32,adam,0.5026562213897705,0.6932204961776733,0.4893749952316284,0.6934002041816711,8000,150,0.5,3
85,2,32,3,tanh,5,2,False,True,accuracy,8,32,rmsprop,0.9612500071525574,0.10230401158332825,0.7268750071525574,0.8964771032333374,8000,150,0.5,3
86,2,32,3,tanh,5,2,False,True,accuracy,10,32,sgd,0.9498437643051147,0.12977881729602814,0.7137500047683716,1.10173761844635,8000,150,0.5,3
87,2,32,3,tanh,5,2,False,False,accuracy,9,32,adam,0.9740625023841858,0.06977561116218567,0.7037500143051147,1.2515926361083984,8000,150,0.5,3
88,2,32,3,tanh,5,2,False,False,accuracy,7,32,rmsprop,0.49828124046325684,0.693215012550354,0.4893749952316284,0.6934051513671875,8000,150,0.5,3
89,2,32,3,tanh,5,2,False,False,accuracy,7,32,sgd,0.4973437488079071,0.6931981444358826,0.4893749952316284,0.6932210326194763,8000,150,0.5,3
90,2,32,3,tanh,5,2,True,True,accuracy,8,32,adam,0.9760937690734863,0.06867915391921997,0.7331249713897705,1.2329579591751099,8000,150,0.5,3
91,2,32,3,tanh,5,2,True,True,accuracy,6,32,rmsprop,0.5026562213897705,0.6932079195976257,0.4893749952316284,0.6932774186134338,8000,150,0.5,3
92,2,32,3,tanh,5,2,True,True,accuracy,7,32,sgd,0.9582812786102295,0.11575828492641449,0.7418749928474426,0.8731717467308044,8000,150,0.5,3
93,2,32,3,tanh,5,2,True,False,accuracy,8,32,adam,0.9823437333106995,0.05475607514381409,0.7275000214576721,1.0930140018463135,8000,150,0.5,3
94,2,32,3,tanh,5,2,True,False,accuracy,6,32,rmsprop,0.5026562213897705,0.6931970119476318,0.4893749952316284,0.6933000683784485,8000,150,0.5,3
95,2,32,3,tanh,5,2,True,False,accuracy,7,32,sgd,0.9717187285423279,0.0783982127904892,0.7250000238418579,1.1304535865783691,8000,150,0.5,3
96,2,64,3,relu,2,2,False,True,accuracy,8,32,adam,0.9745312333106995,0.0712210088968277,0.7300000190734863,1.0982266664505005,8000,150,0.5,3
97,2,64,3,relu,2,2,False,True,accuracy,10,32,rmsprop,0.9545312523841858,0.1642400175333023,0.7325000166893005,0.8486295938491821,8000,150,0.5,3
98,2,64,3,relu,2,2,False,True,accuracy,7,32,sgd,0.9729687571525574,0.07771292328834534,0.690625011920929,1.3671847581863403,8000,150,0.5,3
99,2,64,3,relu,2,2,False,False,accuracy,7,32,adam,0.9767187237739563,0.0628611296415329,0.7212499976158142,1.3458430767059326,8000,150,0.5,3
100,2,64,3,relu,2,2,False,False,accuracy,8,32,rmsprop,0.9745312333106995,0.07191181927919388,0.7106249928474426,1.2808592319488525,8000,150,0.5,3
101,2,64,3,relu,2,2,False,False,accuracy,6,32,sgd,0.5026562213897705,0.6931819319725037,0.4893749952316284,0.6932471990585327,8000,150,0.5,3
102,2,64,3,relu,2,2,True,True,accuracy,9,32,adam,0.49015626311302185,0.6932140588760376,0.4893749952316284,0.6932392716407776,8000,150,0.5,3
103,2,64,3,relu,2,2,True,True,accuracy,6,32,rmsprop,0.5026562213897705,0.6931968927383423,0.4893749952316284,0.6932322978973389,8000,150,0.5,3
104,2,64,3,relu,2,2,True,True,accuracy,8,32,sgd,0.4985937476158142,0.6931799054145813,0.4893749952316284,0.6932636499404907,8000,150,0.5,3
105,2,64,3,relu,2,2,True,False,accuracy,8,32,adam,0.9776562452316284,0.059643249958753586,0.7231249809265137,1.2948317527770996,8000,150,0.5,3
106,2,64,3,relu,2,2,True,False,accuracy,8,32,rmsprop,0.9743750095367432,0.07377990335226059,0.7318750023841858,0.9633407592773438,8000,150,0.5,3
107,2,64,3,relu,2,2,True,False,accuracy,9,32,sgd,0.5026562213897705,0.6931774616241455,0.4893749952316284,0.693234384059906,8000,150,0.5,3
108,2,64,3,relu,3,2,False,True,accuracy,10,32,adam,0.9850000143051147,0.04122599586844444,0.7281249761581421,1.2412211894989014,8000,150,0.5,3
109,2,64,3,relu,3,2,False,True,accuracy,6,32,rmsprop,0.4989062547683716,0.6931946277618408,0.4893749952316284,0.6932414174079895,8000,150,0.5,3
110,2,64,3,relu,3,2,False,True,accuracy,8,32,sgd,0.9767187237739563,0.0668717548251152,0.7237499952316284,1.2242436408996582,8000,150,0.5,3
111,2,64,3,relu,3,2,False,False,accuracy,8,32,adam,0.49828124046325684,0.69316565990448,0.4893749952316284,0.6933408975601196,8000,150,0.5,3
112,2,64,3,relu,3,2,False,False,accuracy,17,32,rmsprop,0.5026562213897705,0.6932157278060913,0.4893749952316284,0.6933852434158325,8000,150,0.5,3
113,2,64,3,relu,3,2,False,False,accuracy,8,32,sgd,0.9676562547683716,0.08706903457641602,0.7206249833106995,1.038642406463623,8000,150,0.5,3
114,2,64,3,relu,3,2,True,True,accuracy,16,32,adam,0.4976562559604645,0.6932371258735657,0.4893749952316284,0.6932038068771362,8000,150,0.5,3
115,2,64,3,relu,3,2,True,True,accuracy,11,32,rmsprop,0.5004687309265137,0.6931816339492798,0.4893749952316284,0.6932236552238464,8000,150,0.5,3
116,2,64,3,relu,3,2,True,True,accuracy,8,32,sgd,0.49265626072883606,0.6932862997055054,0.4893749952316284,0.6932369470596313,8000,150,0.5,3
117,2,64,3,relu,3,2,True,False,accuracy,7,32,adam,0.49953123927116394,0.6931880712509155,0.4893749952316284,0.6932384967803955,8000,150,0.5,3
118,2,64,3,relu,3,2,True,False,accuracy,8,32,rmsprop,0.49703124165534973,0.6931818127632141,0.4893749952316284,0.6933227777481079,8000,150,0.5,3
119,2,64,3,relu,3,2,True,False,accuracy,8,32,sgd,0.9554687738418579,0.11920364201068878,0.7056249976158142,1.1078909635543823,8000,150,0.5,3
120,2,64,3,relu,4,2,False,True,accuracy,7,32,adam,0.9770312309265137,0.06594280898571014,0.7137500047683716,1.0517020225524902,8000,150,0.5,3
121,2,64,3,relu,4,2,False,True,accuracy,8,32,rmsprop,0.9743750095367432,0.07428188621997833,0.7006250023841858,1.2610397338867188,8000,150,0.5,3
122,2,64,3,relu,4,2,False,True,accuracy,10,32,sgd,0.9876562356948853,0.037652239203453064,0.7306249737739563,1.2109543085098267,8000,150,0.5,3
123,2,64,3,relu,4,2,False,False,accuracy,12,32,adam,0.5026562213897705,0.6931623816490173,0.4893749952316284,0.6933109760284424,8000,150,0.5,3
124,2,64,3,relu,4,2,False,False,accuracy,8,32,rmsprop,0.5026562213897705,0.6932029128074646,0.4893749952316284,0.6931958198547363,8000,150,0.5,3
125,2,64,3,relu,4,2,False,False,accuracy,8,32,sgd,0.9635937213897705,0.09746439754962921,0.7362499833106995,0.9862927794456482,8000,150,0.5,3
126,2,64,3,relu,4,2,True,True,accuracy,15,32,adam,0.9823437333106995,0.048097118735313416,0.7250000238418579,1.3108562231063843,8000,150,0.5,3
127,2,64,3,relu,4,2,True,True,accuracy,7,32,rmsprop,0.49609375,0.6932316422462463,0.4893749952316284,0.6933281421661377,8000,150,0.5,3
128,2,64,3,relu,4,2,True,True,accuracy,11,32,sgd,0.5026562213897705,0.6932095885276794,0.4893749952316284,0.6932373046875,8000,150,0.5,3
129,2,64,3,relu,4,2,True,False,accuracy,13,32,adam,0.5026562213897705,0.6932031512260437,0.4893749952316284,0.693274974822998,8000,150,0.5,3
130,2,64,3,relu,4,2,True,False,accuracy,8,32,rmsprop,0.9721875190734863,0.0758601650595665,0.6987500190734863,1.2985563278198242,8000,150,0.5,3
131,2,64,3,relu,4,2,True,False,accuracy,9,32,sgd,0.9856250286102295,0.04408961161971092,0.7400000095367432,1.286323070526123,8000,150,0.5,3
132,2,64,3,relu,5,2,False,True,accuracy,12,32,adam,0.98828125,0.04221634939312935,0.7068750262260437,1.752167820930481,8000,150,0.5,3
133,2,64,3,relu,5,2,False,True,accuracy,8,32,rmsprop,0.9770312309265137,0.06743554770946503,0.7093750238418579,1.2711443901062012,8000,150,0.5,3
134,2,64,3,relu,5,2,False,True,accuracy,8,32,sgd,0.5026562213897705,0.693198025226593,0.4893749952316284,0.6933400630950928,8000,150,0.5,3
135,2,64,3,relu,5,2,False,False,accuracy,8,32,adam,0.9826562404632568,0.0491151437163353,0.7418749928474426,1.3159706592559814,8000,150,0.5,3
136,2,64,3,relu,5,2,False,False,accuracy,6,32,rmsprop,0.5026562213897705,0.6931967735290527,0.4893749952316284,0.6933613419532776,8000,150,0.5,3
137,2,64,3,relu,5,2,False,False,accuracy,6,32,sgd,0.5026562213897705,0.6931937336921692,0.4893749952316284,0.6932829022407532,8000,150,0.5,3
138,2,64,3,relu,5,2,True,True,accuracy,16,32,adam,0.49671876430511475,0.6932016015052795,0.4893749952316284,0.6932345628738403,8000,150,0.5,3
139,2,64,3,relu,5,2,True,True,accuracy,12,32,rmsprop,0.5026562213897705,0.6932010054588318,0.4893749952316284,0.6932421326637268,8000,150,0.5,3
140,2,64,3,relu,5,2,True,True,accuracy,8,32,sgd,0.9764062762260437,0.0654536709189415,0.7243750095367432,1.1171622276306152,8000,150,0.5,3
141,2,64,3,relu,5,2,True,False,accuracy,9,32,adam,0.4989062547683716,0.6931979656219482,0.4893749952316284,0.6932561993598938,8000,150,0.5,3
142,2,64,3,relu,5,2,True,False,accuracy,6,32,rmsprop,0.49390625953674316,0.6931841373443604,0.4893749952316284,0.6932610869407654,8000,150,0.5,3
143,2,64,3,relu,5,2,True,False,accuracy,7,32,sgd,0.9748437404632568,0.06852937489748001,0.7006250023841858,1.383668065071106,8000,150,0.5,3
144,2,64,3,tanh,2,2,False,True,accuracy,6,32,adam,0.4898437559604645,0.6931960582733154,0.4893749952316284,0.6933032870292664,8000,150,0.5,3
145,2,64,3,tanh,2,2,False,True,accuracy,6,32,rmsprop,0.5026562213897705,0.6931876540184021,0.4893749952316284,0.6932598352432251,8000,150,0.5,3
146,2,64,3,tanh,2,2,False,True,accuracy,6,32,sgd,0.5026562213897705,0.6932113170623779,0.4893749952316284,0.6932364702224731,8000,150,0.5,3
147,2,64,3,tanh,2,2,False,False,accuracy,8,32,adam,0.9667187333106995,0.09294018894433975,0.7250000238418579,0.9596078991889954,8000,150,0.5,3
148,2,64,3,tanh,2,2,False,False,accuracy,9,32,rmsprop,0.5026562213897705,0.6931982636451721,0.48875001072883606,0.6932833790779114,8000,150,0.5,3
149,2,64,3,tanh,2,2,False,False,accuracy,12,32,sgd,0.5026562213897705,0.6931934952735901,0.4893749952316284,0.6933624148368835,8000,150,0.5,3
150,2,64,3,tanh,2,2,True,True,accuracy,11,32,adam,0.9614062309265137,0.1436852365732193,0.7331249713897705,0.9584200978279114,8000,150,0.5,3
151,2,64,3,tanh,2,2,True,True,accuracy,8,32,rmsprop,0.9768750071525574,0.07009533047676086,0.7024999856948853,1.2620338201522827,8000,150,0.5,3
152,2,64,3,tanh,2,2,True,True,accuracy,6,32,sgd,0.5026562213897705,0.6932269334793091,0.4893749952316284,0.6932920813560486,8000,150,0.5,3
153,2,64,3,tanh,2,2,True,False,accuracy,8,32,adam,0.4948437511920929,0.6931923031806946,0.4893749952316284,0.6933310031890869,8000,150,0.5,3
154,2,64,3,tanh,2,2,True,False,accuracy,8,32,rmsprop,0.9751562476158142,0.07042408734560013,0.7356250286102295,1.102918267250061,8000,150,0.5,3
155,2,64,3,tanh,2,2,True,False,accuracy,9,32,sgd,0.9828125238418579,0.04713834449648857,0.7162500023841858,1.1991698741912842,8000,150,0.5,3
156,2,64,3,tanh,3,2,False,True,accuracy,6,32,adam,0.4976562559604645,0.6932263374328613,0.4893749952316284,0.6933057308197021,8000,150,0.5,3
157,2,64,3,tanh,3,2,False,True,accuracy,6,32,rmsprop,0.5026562213897705,0.6932525634765625,0.4893749952316284,0.693225085735321,8000,150,0.5,3
158,2,64,3,tanh,3,2,False,True,accuracy,6,32,sgd,0.4964062571525574,0.693196713924408,0.4893749952316284,0.6932855248451233,8000,150,0.5,3
159,2,64,3,tanh,3,2,False,False,accuracy,6,32,adam,0.5026562213897705,0.6932120323181152,0.4893749952316284,0.6931983232498169,8000,150,0.5,3
160,2,64,3,tanh,3,2,False,False,accuracy,6,32,rmsprop,0.5026562213897705,0.6931999325752258,0.4893749952316284,0.693246603012085,8000,150,0.5,3
161,2,64,3,tanh,3,2,False,False,accuracy,16,32,sgd,0.5026562213897705,0.6931830048561096,0.4893749952316284,0.6932376027107239,8000,150,0.5,3
162,2,64,3,tanh,3,2,True,True,accuracy,16,32,adam,0.4973437488079071,0.6931979656219482,0.4893749952316284,0.6932215690612793,8000,150,0.5,3
163,2,64,3,tanh,3,2,True,True,accuracy,9,32,rmsprop,0.9857812523841858,0.044401202350854874,0.6968749761581421,1.4691009521484375,8000,150,0.5,3
164,2,64,3,tanh,3,2,True,True,accuracy,6,32,sgd,0.49390625953674316,0.6931824684143066,0.4893749952316284,0.6933636665344238,8000,150,0.5,3
165,2,64,3,tanh,3,2,True,False,accuracy,7,32,adam,0.49546873569488525,0.6932277679443359,0.4893749952316284,0.6931642293930054,8000,150,0.5,3
166,2,64,3,tanh,3,2,True,False,accuracy,9,32,rmsprop,0.5026562213897705,0.6932060718536377,0.4893749952316284,0.6932969093322754,8000,150,0.5,3
167,2,64,3,tanh,3,2,True,False,accuracy,8,32,sgd,0.5026562213897705,0.6932286620140076,0.4893749952316284,0.693372905254364,8000,150,0.5,3
168,2,64,3,tanh,4,2,False,True,accuracy,6,32,adam,0.5026562213897705,0.6931963562965393,0.4893749952316284,0.6932585835456848,8000,150,0.5,3
169,2,64,3,tanh,4,2,False,True,accuracy,8,32,rmsprop,0.9860937595367432,0.0429677851498127,0.7281249761581421,1.3580021858215332,8000,150,0.5,3
170,2,64,3,tanh,4,2,False,True,accuracy,11,32,sgd,0.5026562213897705,0.6931906938552856,0.4893749952316284,0.6933308243751526,8000,150,0.5,3
171,2,64,3,tanh,4,2,False,False,accuracy,6,32,adam,0.5026562213897705,0.6931931376457214,0.4893749952316284,0.6933441162109375,8000,150,0.5,3
172,2,64,3,tanh,4,2,False,False,accuracy,7,32,rmsprop,0.9526562690734863,0.12333033233880997,0.7231249809265137,0.8372657299041748,8000,150,0.5,3
173,2,64,3,tanh,4,2,False,False,accuracy,7,32,sgd,0.49609375,0.6931906938552856,0.4893749952316284,0.6932422518730164,8000,150,0.5,3
174,2,64,3,tanh,4,2,True,True,accuracy,9,32,adam,0.9610937237739563,0.1531100571155548,0.7318750023841858,0.9709436297416687,8000,150,0.5,3
175,2,64,3,tanh,4,2,True,True,accuracy,8,32,rmsprop,0.9765625,0.06987164914608002,0.7237499952316284,1.1889355182647705,8000,150,0.5,3
176,2,64,3,tanh,4,2,True,True,accuracy,7,32,sgd,0.9068750143051147,0.2729254961013794,0.7174999713897705,0.7451362609863281,8000,150,0.5,3
177,2,64,3,tanh,4,2,True,False,accuracy,9,32,adam,0.9584375023841858,0.10346042364835739,0.7281249761581421,0.8926301598548889,8000,150,0.5,3
178,2,64,3,tanh,4,2,True,False,accuracy,8,32,rmsprop,0.9878125190734863,0.03775707632303238,0.7262499928474426,1.2486560344696045,8000,150,0.5,3
179,2,64,3,tanh,4,2,True,False,accuracy,6,32,sgd,0.5026562213897705,0.6931825876235962,0.4893749952316284,0.6932525038719177,8000,150,0.5,3
180,2,64,3,tanh,5,2,False,True,accuracy,8,32,adam,0.4985937476158142,0.6932068467140198,0.4893749952316284,0.6933517456054688,8000,150,0.5,3
181,2,64,3,tanh,5,2,False,True,accuracy,9,32,rmsprop,0.9803125262260437,0.060599785298109055,0.7225000262260437,1.2676458358764648,8000,150,0.5,3
182,2,64,3,tanh,5,2,False,True,accuracy,7,32,sgd,0.9728124737739563,0.07623780518770218,0.7387499809265137,1.0790823698043823,8000,150,0.5,3
183,2,64,3,tanh,5,2,False,False,accuracy,6,32,adam,0.4973437488079071,0.6932446956634521,0.4893749952316284,0.6934024095535278,8000,150,0.5,3
184,2,64,3,tanh,5,2,False,False,accuracy,10,32,rmsprop,0.5026562213897705,0.6931838989257812,0.4893749952316284,0.6932917833328247,8000,150,0.5,3
185,2,64,3,tanh,5,2,False,False,accuracy,6,32,sgd,0.5026562213897705,0.6932203769683838,0.4893749952316284,0.6933624148368835,8000,150,0.5,3
186,2,64,3,tanh,5,2,True,True,accuracy,12,32,adam,0.5026562213897705,0.693179190158844,0.4893749952316284,0.6931899189949036,8000,150,0.5,3
187,2,64,3,tanh,5,2,True,True,accuracy,6,32,rmsprop,0.5001562237739563,0.6932141780853271,0.4893749952316284,0.6933888792991638,8000,150,0.5,3
188,2,64,3,tanh,5,2,True,True,accuracy,7,32,sgd,0.5026562213897705,0.6932157278060913,0.4893749952316284,0.6932279467582703,8000,150,0.5,3
189,2,64,3,tanh,5,2,True,False,accuracy,6,32,adam,0.4964062571525574,0.6932275295257568,0.4893749952316284,0.6933225989341736,8000,150,0.5,3
190,2,64,3,tanh,5,2,True,False,accuracy,9,32,rmsprop,0.9740625023841858,0.06984778493642807,0.7318750023841858,1.2283536195755005,8000,150,0.5,3
191,2,64,3,tanh,5,2,True,False,accuracy,8,32,sgd,0.9696875214576721,0.08014219254255295,0.7275000214576721,0.9808341860771179,8000,150,0.5,3
192,2,128,3,relu,2,2,False,True,accuracy,11,32,adam,0.5026562213897705,0.6931830048561096,0.4893749952316284,0.6932029128074646,8000,150,0.5,3
193,2,128,3,relu,2,2,False,True,accuracy,12,32,rmsprop,0.49265626072883606,0.6932348608970642,0.4893749952316284,0.6933228373527527,8000,150,0.5,3
194,2,128,3,relu,2,2,False,True,accuracy,9,32,sgd,0.989062488079071,0.03397490456700325,0.7450000047683716,1.2425615787506104,8000,150,0.5,3
195,2,128,3,relu,2,2,False,False,accuracy,11,32,adam,0.9664062261581421,0.08397091925144196,0.7350000143051147,1.1385749578475952,8000,150,0.5,3
196,2,128,3,relu,2,2,False,False,accuracy,6,32,rmsprop,0.49265626072883606,0.6932267546653748,0.4893749952316284,0.6934043169021606,8000,150,0.5,3
197,2,128,3,relu,2,2,False,False,accuracy,8,32,sgd,0.9676562547683716,0.08040539920330048,0.7356250286102295,1.135521411895752,8000,150,0.5,3
198,2,128,3,relu,2,2,True,True,accuracy,16,32,adam,0.5026562213897705,0.693186342716217,0.4893749952316284,0.6932585835456848,8000,150,0.5,3
199,2,128,3,relu,2,2,True,True,accuracy,7,32,rmsprop,0.971875011920929,0.07915132492780685,0.7162500023841858,1.057724118232727,8000,150,0.5,3
200,2,128,3,relu,2,2,True,True,accuracy,8,32,sgd,0.9735937714576721,0.0754113420844078,0.7181249856948853,1.1778647899627686,8000,150,0.5,3
201,2,128,3,relu,2,2,True,False,accuracy,11,32,adam,0.4973437488079071,0.6932221055030823,0.4893749952316284,0.6933082342147827,8000,150,0.5,3
202,2,128,3,relu,2,2,True,False,accuracy,10,32,rmsprop,0.9332812428474426,0.21666675806045532,0.6987500190734863,0.936714231967926,8000,150,0.5,3
203,2,128,3,relu,2,2,True,False,accuracy,10,32,sgd,0.5026562213897705,0.6931830644607544,0.4893749952316284,0.6933212280273438,8000,150,0.5,3
204,2,128,3,relu,3,2,False,True,accuracy,7,32,adam,0.5026562213897705,0.6932225823402405,0.4893749952316284,0.6932430267333984,8000,150,0.5,3
205,2,128,3,relu,3,2,False,True,accuracy,8,32,rmsprop,0.9810937643051147,0.05649597942829132,0.6912500262260437,1.4683915376663208,8000,150,0.5,3
206,2,128,3,relu,3,2,False,True,accuracy,7,32,sgd,0.9823437333106995,0.05346602573990822,0.6768749952316284,1.4451638460159302,8000,150,0.5,3
207,2,128,3,relu,3,2,False,False,accuracy,6,32,adam,0.5026562213897705,0.6932021975517273,0.4893749952316284,0.6932116150856018,8000,150,0.5,3
208,2,128,3,relu,3,2,False,False,accuracy,6,32,rmsprop,0.5026562213897705,0.693199634552002,0.4893749952316284,0.69325852394104,8000,150,0.5,3
209,2,128,3,relu,3,2,False,False,accuracy,7,32,sgd,0.5026562213897705,0.6932414770126343,0.4893749952316284,0.693300724029541,8000,150,0.5,3
210,2,128,3,relu,3,2,True,True,accuracy,18,32,adam,0.5026562213897705,0.6932138800621033,0.4893749952316284,0.6932604908943176,8000,150,0.5,3
211,2,128,3,relu,3,2,True,True,accuracy,6,32,rmsprop,0.5026562213897705,0.6932221055030823,0.4893749952316284,0.6932059526443481,8000,150,0.5,3
212,2,128,3,relu,3,2,True,True,accuracy,10,32,sgd,0.9649999737739563,0.1442309319972992,0.7074999809265137,1.2565786838531494,8000,150,0.5,3
213,2,128,3,relu,3,2,True,False,accuracy,8,32,adam,0.9854687452316284,0.046422719955444336,0.6974999904632568,1.4855347871780396,8000,150,0.5,3
214,2,128,3,relu,3,2,True,False,accuracy,14,32,rmsprop,0.49671876430511475,0.6932192444801331,0.4893749952316284,0.69328773021698,8000,150,0.5,3
215,2,128,3,relu,3,2,True,False,accuracy,6,32,sgd,0.49828124046325684,0.6931846141815186,0.4893749952316284,0.6933125257492065,8000,150,0.5,3
216,2,128,3,relu,4,2,False,True,accuracy,6,32,adam,0.49703124165534973,0.6932088732719421,0.4893749952316284,0.6933661103248596,8000,150,0.5,3
217,2,128,3,relu,4,2,False,True,accuracy,6,32,rmsprop,0.4907812476158142,0.6932324171066284,0.4893749952316284,0.6933046579360962,8000,150,0.5,3
218,2,128,3,relu,4,2,False,True,accuracy,6,32,sgd,0.5026562213897705,0.6932087540626526,0.4893749952316284,0.6932185292243958,8000,150,0.5,3
219,2,128,3,relu,4,2,False,False,accuracy,8,32,adam,0.9814062714576721,0.047744132578372955,0.7418749928474426,1.1514999866485596,8000,150,0.5,3
220,2,128,3,relu,4,2,False,False,accuracy,8,32,rmsprop,0.9900000095367432,0.033635929226875305,0.7193750143051147,1.4786268472671509,8000,150,0.5,3
221,2,128,3,relu,4,2,False,False,accuracy,8,32,sgd,0.9840624928474426,0.05054684728384018,0.7206249833106995,1.2492218017578125,8000,150,0.5,3
222,2,128,3,relu,4,2,True,True,accuracy,16,32,adam,0.4895312488079071,0.6932213306427002,0.4893749952316284,0.6932490468025208,8000,150,0.5,3
223,2,128,3,relu,4,2,True,True,accuracy,8,32,rmsprop,0.9732812643051147,0.06929918378591537,0.7418749928474426,1.1303794384002686,8000,150,0.5,3
224,2,128,3,relu,4,2,True,True,accuracy,15,32,sgd,0.49796876311302185,0.693194568157196,0.4893749952316284,0.6933602690696716,8000,150,0.5,3
225,2,128,3,relu,4,2,True,False,accuracy,16,32,adam,0.49953123927116394,0.6932404041290283,0.4893749952316284,0.6931781768798828,8000,150,0.5,3
226,2,128,3,relu,4,2,True,False,accuracy,10,32,rmsprop,0.4964062571525574,0.6932275295257568,0.4893749952316284,0.6933414340019226,8000,150,0.5,3
227,2,128,3,relu,4,2,True,False,accuracy,8,32,sgd,0.9682812690734863,0.08377113193273544,0.7243750095367432,1.0096665620803833,8000,150,0.5,3
228,2,128,3,relu,5,2,False,True,accuracy,6,32,adam,0.5026562213897705,0.6932269334793091,0.4893749952316284,0.6932641863822937,8000,150,0.5,3
229,2,128,3,relu,5,2,False,True,accuracy,6,32,rmsprop,0.5026562213897705,0.693174421787262,0.4893749952316284,0.6933313608169556,8000,150,0.5,3
230,2,128,3,relu,5,2,False,True,accuracy,8,32,sgd,0.49703124165534973,0.6932147741317749,0.4893749952316284,0.6931785345077515,8000,150,0.5,3
231,2,128,3,relu,5,2,False,False,accuracy,6,32,adam,0.5026562213897705,0.6932037472724915,0.4893749952316284,0.6932617425918579,8000,150,0.5,3
232,2,128,3,relu,5,2,False,False,accuracy,10,32,rmsprop,0.97265625,0.07519607245922089,0.7268750071525574,1.1927993297576904,8000,150,0.5,3
233,2,128,3,relu,5,2,False,False,accuracy,7,32,sgd,0.9573437571525574,0.12108152359724045,0.7362499833106995,0.8709298968315125,8000,150,0.5,3
234,2,128,3,relu,5,2,True,True,accuracy,6,32,adam,0.5026562213897705,0.6931779980659485,0.4893749952316284,0.6932258009910583,8000,150,0.5,3
235,2,128,3,relu,5,2,True,True,accuracy,7,32,rmsprop,0.4957812428474426,0.6932369470596313,0.4893749952316284,0.6932286024093628,8000,150,0.5,3
236,2,128,3,relu,5,2,True,True,accuracy,8,32,sgd,0.5026562213897705,0.6931827664375305,0.4893749952316284,0.6933071613311768,8000,150,0.5,3
237,2,128,3,relu,5,2,True,False,accuracy,11,32,adam,0.983593761920929,0.04907572641968727,0.7262499928474426,1.3430424928665161,8000,150,0.5,3
238,2,128,3,relu,5,2,True,False,accuracy,10,32,rmsprop,0.9262499809265137,0.23238326609134674,0.7337499856948853,0.7455174922943115,8000,150,0.5,3
239,2,128,3,relu,5,2,True,False,accuracy,7,32,sgd,0.5026562213897705,0.6932095289230347,0.4893749952316284,0.6931929588317871,8000,150,0.5,3
240,2,128,3,tanh,2,2,False,True,accuracy,12,32,adam,0.49421873688697815,0.6931887269020081,0.4893749952316284,0.6931999325752258,8000,150,0.5,3
241,2,128,3,tanh,2,2,False,True,accuracy,9,32,rmsprop,0.9753124713897705,0.06935760378837585,0.7193750143051147,1.1022051572799683,8000,150,0.5,3
242,2,128,3,tanh,2,2,False,True,accuracy,10,32,sgd,0.98046875,0.05473642796278,0.7149999737739563,1.1758936643600464,8000,150,0.5,3
243,2,128,3,tanh,2,2,False,False,accuracy,8,32,adam,0.97265625,0.07993943244218826,0.706250011920929,1.0780056715011597,8000,150,0.5,3
244,2,128,3,tanh,2,2,False,False,accuracy,9,32,rmsprop,0.9803125262260437,0.061271797865629196,0.7118750214576721,1.0885052680969238,8000,150,0.5,3
245,2,128,3,tanh,2,2,False,False,accuracy,8,32,sgd,0.4989062547683716,0.6932184100151062,0.4893749952316284,0.6933702826499939,8000,150,0.5,3
246,2,128,3,tanh,2,2,True,True,accuracy,11,32,adam,0.4976562559604645,0.6932182312011719,0.4893749952316284,0.6932320594787598,8000,150,0.5,3
247,2,128,3,tanh,2,2,True,True,accuracy,8,32,rmsprop,0.9892187714576721,0.0348447784781456,0.721875011920929,1.2967119216918945,8000,150,0.5,3
248,2,128,3,tanh,2,2,True,True,accuracy,9,32,sgd,0.4964062571525574,0.6932126879692078,0.4893749952316284,0.6932214498519897,8000,150,0.5,3
249,2,128,3,tanh,2,2,True,False,accuracy,6,32,adam,0.49703124165534973,0.693206787109375,0.4893749952316284,0.6933715343475342,8000,150,0.5,3
250,2,128,3,tanh,2,2,True,False,accuracy,15,32,rmsprop,0.5026562213897705,0.6931753754615784,0.4893749952316284,0.693198561668396,8000,150,0.5,3
251,2,128,3,tanh,2,2,True,False,accuracy,6,32,sgd,0.4957812428474426,0.6932053565979004,0.4893749952316284,0.6932703256607056,8000,150,0.5,3
252,2,128,3,tanh,3,2,False,True,accuracy,8,32,adam,0.9876562356948853,0.03686706721782684,0.7081249952316284,1.5576797723770142,8000,150,0.5,3
253,2,128,3,tanh,3,2,False,True,accuracy,8,32,rmsprop,0.9810937643051147,0.05338405445218086,0.7225000262260437,1.3513684272766113,8000,150,0.5,3
254,2,128,3,tanh,3,2,False,True,accuracy,6,32,sgd,0.5026562213897705,0.6931794881820679,0.4893749952316284,0.693280816078186,8000,150,0.5,3
255,2,128,3,tanh,3,2,False,False,accuracy,13,32,adam,0.49828124046325684,0.6932081580162048,0.4893749952316284,0.6934458017349243,8000,150,0.5,3
256,2,128,3,tanh,3,2,False,False,accuracy,7,32,rmsprop,0.9692187309265137,0.08974674344062805,0.7149999737739563,1.181828260421753,8000,150,0.5,3
257,2,128,3,tanh,3,2,False,False,accuracy,9,32,sgd,0.9715625047683716,0.07690867781639099,0.7412499785423279,1.2078641653060913,8000,150,0.5,3
258,2,128,3,tanh,3,2,True,True,accuracy,12,32,adam,0.5026562213897705,0.693178117275238,0.4893749952316284,0.6932790875434875,8000,150,0.5,3
259,2,128,3,tanh,3,2,True,True,accuracy,6,32,rmsprop,0.5026562213897705,0.6931836009025574,0.4893749952316284,0.6931525468826294,8000,150,0.5,3
260,2,128,3,tanh,3,2,True,True,accuracy,10,32,sgd,0.49703124165534973,0.693233847618103,0.4893749952316284,0.6933084726333618,8000,150,0.5,3
261,2,128,3,tanh,3,2,True,False,accuracy,7,32,adam,0.9579687714576721,0.12034157663583755,0.7068750262260437,0.9943522810935974,8000,150,0.5,3
262,2,128,3,tanh,3,2,True,False,accuracy,9,32,rmsprop,0.9821875095367432,0.05357715114951134,0.703125,1.5002970695495605,8000,150,0.5,3
263,2,128,3,tanh,3,2,True,False,accuracy,6,32,sgd,0.4973437488079071,0.6931898593902588,0.4893749952316284,0.6932746171951294,8000,150,0.5,3
264,2,128,3,tanh,4,2,False,True,accuracy,8,32,adam,0.9862499833106995,0.04560678079724312,0.7174999713897705,1.122538685798645,8000,150,0.5,3
265,2,128,3,tanh,4,2,False,True,accuracy,7,32,rmsprop,0.9764062762260437,0.06789817661046982,0.7149999737739563,1.2475682497024536,8000,150,0.5,3
266,2,128,3,tanh,4,2,False,True,accuracy,9,32,sgd,0.49546873569488525,0.6931818127632141,0.4893749952316284,0.6933350563049316,8000,150,0.5,3
267,2,128,3,tanh,4,2,False,False,accuracy,6,32,adam,0.4973437488079071,0.6932087540626526,0.4893749952316284,0.69327712059021,8000,150,0.5,3
268,2,128,3,tanh,4,2,False,False,accuracy,7,32,rmsprop,0.4964062571525574,0.693193256855011,0.4893749952316284,0.6932799816131592,8000,150,0.5,3
269,2,128,3,tanh,4,2,False,False,accuracy,11,32,sgd,0.5010937452316284,0.693213701248169,0.4893749952316284,0.6933558583259583,8000,150,0.5,3
270,2,128,3,tanh,4,2,True,True,accuracy,6,32,adam,0.4985937476158142,0.6931875348091125,0.4893749952316284,0.6934797167778015,8000,150,0.5,3
271,2,128,3,tanh,4,2,True,True,accuracy,6,32,rmsprop,0.5026562213897705,0.6932279467582703,0.4893749952316284,0.6932291984558105,8000,150,0.5,3
272,2,128,3,tanh,4,2,True,True,accuracy,16,32,sgd,0.4989062547683716,0.6932483911514282,0.4893749952316284,0.6932057738304138,8000,150,0.5,3
273,2,128,3,tanh,4,2,True,False,accuracy,9,32,adam,0.4935937523841858,0.6932664513587952,0.4893749952316284,0.6932824850082397,8000,150,0.5,3
274,2,128,3,tanh,4,2,True,False,accuracy,11,32,rmsprop,0.5026562213897705,0.6932247877120972,0.4893749952316284,0.6932804584503174,8000,150,0.5,3
275,2,128,3,tanh,4,2,True,False,accuracy,7,32,sgd,0.9709374904632568,0.07909101247787476,0.737500011920929,1.045682430267334,8000,150,0.5,3
276,2,128,3,tanh,5,2,False,True,accuracy,9,32,adam,0.9157812595367432,0.24565166234970093,0.7181249856948853,0.8436589241027832,8000,150,0.5,3
277,2,128,3,tanh,5,2,False,True,accuracy,9,32,rmsprop,0.9659374952316284,0.09451048076152802,0.7337499856948853,1.0380523204803467,8000,150,0.5,3
278,2,128,3,tanh,5,2,False,True,accuracy,7,32,sgd,0.9765625,0.06260998547077179,0.7268750071525574,1.161484718322754,8000,150,0.5,3
279,2,128,3,tanh,5,2,False,False,accuracy,9,32,adam,0.5026562213897705,0.6931923031806946,0.4893749952316284,0.6932733058929443,8000,150,0.5,3
280,2,128,3,tanh,5,2,False,False,accuracy,16,32,rmsprop,0.5026562213897705,0.6931847929954529,0.4893749952316284,0.6932430267333984,8000,150,0.5,3
281,2,128,3,tanh,5,2,False,False,accuracy,17,32,sgd,0.49796876311302185,0.6932520866394043,0.4893749952316284,0.693300187587738,8000,150,0.5,3
282,2,128,3,tanh,5,2,True,True,accuracy,6,32,adam,0.5026562213897705,0.6932075619697571,0.4893749952316284,0.6932758092880249,8000,150,0.5,3
283,2,128,3,tanh,5,2,True,True,accuracy,10,32,rmsprop,0.9729687571525574,0.0780717059969902,0.7400000095367432,1.0228675603866577,8000,150,0.5,3
284,2,128,3,tanh,5,2,True,True,accuracy,10,32,sgd,0.9821875095367432,0.05553492158651352,0.7056249976158142,1.2416166067123413,8000,150,0.5,3
285,2,128,3,tanh,5,2,True,False,accuracy,11,32,adam,0.5026562213897705,0.6931836009025574,0.4893749952316284,0.6932307481765747,8000,150,0.5,3
286,2,128,3,tanh,5,2,True,False,accuracy,14,32,rmsprop,0.9665625095367432,0.09621095657348633,0.7262499928474426,1.129196047782898,8000,150,0.5,3
287,2,128,3,tanh,5,2,True,False,accuracy,6,32,sgd,0.5026562213897705,0.6932190656661987,0.4893749952316284,0.6934084892272949,8000,150,0.5,3
