,output_dim,embedding,nodes,activation,regularizer,stacking,dropout,optimizer,bidirectional,epochs,batch_size,method,accuracy,loss,val_accuracy,val_loss,len_dataset,n_features,dominant_class
0,3,12300,64,tanh,,False,False,adam,False,7,32,GRU,0.8441522121429443,0.3070916533470154,0.5659955143928528,1.194259524345398,8936,17,0.6029543419874664
1,3,12300,64,tanh,,True,False,adam,False,7,32,GRU,0.8400951027870178,0.3104480504989624,0.577740490436554,1.1379142999649048,8936,17,0.6029543419874664
2,3,12300,64,tanh,L1,False,False,adam,False,7,32,GRU,0.8407946228981018,0.31017303466796875,0.576621949672699,1.1284215450286863,8936,17,0.6029543419874664
3,3,12300,64,tanh,L1,True,False,adam,False,6,32,GRU,0.8375769257545471,0.334755003452301,0.576621949672699,0.9938499331474304,8936,17,0.6029543419874664
4,2,45589,64,tanh,,False,False,adam,False,6,32,GRU,0.625,1.13502836227417,0.0,2.678114414215088,360,1724,0.5
5,2,45589,64,tanh,,False,True,adam,False,11,32,GRU,1.0,0.07964976876974106,0.6527777910232544,0.7363020777702332,360,1724,0.5
6,2,45589,64,tanh,,True,False,adam,False,10,32,GRU,1.0,0.046720489859580994,0.5277777910232544,1.0191513299942017,360,1724,0.5
7,2,45589,64,tanh,,True,True,adam,False,6,32,GRU,0.625,1.102821946144104,0.0,2.674014091491699,360,1724,0.5
8,2,45589,32,tanh,L1,False,False,adam,False,35,32,GRU,0.9895833134651184,0.08349606394767761,0.4583333432674408,1.2623639106750488,360,1724,0.5
9,2,45589,32,tanh,L1,False,False,adam,False,12,32,LSTM,0.9930555820465088,0.5592237114906311,0.4722222089767456,1.81052565574646,360,1724,0.5
10,2,45589,32,tanh,L1,False,False,rmsprop,False,38,32,GRU,0.9965277910232544,0.05491538345813751,0.4722222089767456,1.2655423879623413,360,1724,0.5
11,2,45589,32,tanh,L1,False,False,rmsprop,False,11,32,LSTM,0.9895833134651184,0.6562552452087402,0.5,1.8375996351242063,360,1724,0.5
12,2,45589,32,tanh,L1,False,True,adam,False,11,32,GRU,0.9861111044883728,0.6458783745765686,0.4166666567325592,1.9744133949279783,360,1724,0.5
13,2,45589,32,tanh,L1,False,True,adam,False,28,32,LSTM,0.9895833134651184,0.08198297023773192,0.4305555522441864,1.2100344896316528,360,1724,0.5
14,2,45589,32,tanh,L1,False,True,rmsprop,False,24,32,GRU,0.9930555820465088,0.09505915641784668,0.4583333432674408,1.5486583709716797,360,1724,0.5
15,2,45589,32,tanh,L1,False,True,rmsprop,False,12,32,LSTM,0.9930555820465088,0.6053558588027954,0.4722222089767456,1.925863265991211,360,1724,0.5
16,2,45589,32,tanh,L1,True,False,adam,False,12,32,GRU,0.9861111044883728,0.5859078168869019,0.4861111044883728,1.7962502241134644,360,1724,0.5
17,2,45589,32,tanh,L1,True,False,adam,False,32,32,LSTM,0.9895833134651184,0.06127727776765824,0.4305555522441864,1.5366116762161257,360,1724,0.5
18,2,45589,32,tanh,L1,True,False,rmsprop,False,31,32,GRU,0.9930555820465088,0.08192530274391174,0.4583333432674408,1.1529085636138916,360,1724,0.5
19,2,45589,32,tanh,L1,True,False,rmsprop,False,11,32,LSTM,0.9895833134651184,0.6664007902145386,0.5138888955116272,1.9703339338302608,360,1724,0.5
20,2,45589,32,tanh,L1,True,True,adam,False,21,32,GRU,0.9930555820465088,0.14955951273441315,0.4027777910232544,1.5892090797424316,360,1724,0.5
21,2,45589,32,tanh,L1,True,True,adam,False,22,32,LSTM,0.9826388955116272,0.12853401899337769,0.4444444477558136,1.2887927293777466,360,1724,0.5
22,2,45589,32,tanh,L1,True,True,rmsprop,False,11,32,GRU,0.9791666865348816,0.6511130928993225,0.4583333432674408,1.7785401344299316,360,1724,0.5
23,2,45589,32,tanh,L1,True,True,rmsprop,False,12,32,LSTM,0.9861111044883728,0.5732767581939697,0.4722222089767456,1.783721923828125,360,1724,0.5
24,2,45589,32,tanh,,False,False,adam,False,11,32,GRU,0.9861111044883728,0.660991907119751,0.4305555522441864,1.7416391372680664,360,1724,0.5
25,2,45589,32,tanh,,False,False,adam,False,12,32,LSTM,0.9895833134651184,0.5902918577194214,0.4166666567325592,1.7784044742584229,360,1724,0.5
26,2,45589,32,tanh,,False,False,rmsprop,False,12,32,GRU,0.9930555820465088,0.5702475309371948,0.4027777910232544,1.7750988006591797,360,1724,0.5
27,2,45589,32,tanh,,False,False,rmsprop,False,11,32,LSTM,0.9861111044883728,0.6568117141723633,0.4722222089767456,1.737229585647583,360,1724,0.5
28,2,45589,32,tanh,,False,True,adam,False,34,32,GRU,0.9930555820465088,0.1809839457273484,0.4583333432674408,1.3884506225585938,360,1724,0.5
29,2,45589,32,tanh,,False,True,adam,False,11,32,LSTM,0.9930555820465088,0.6666983366012573,0.4722222089767456,1.7156260013580322,360,1724,0.5
30,2,45589,32,tanh,,False,True,rmsprop,False,12,32,GRU,0.9930555820465088,0.5800307393074036,0.4722222089767456,1.6407421827316284,360,1724,0.5
31,2,45589,32,tanh,,False,True,rmsprop,False,14,32,LSTM,0.9895833134651184,0.4344221353530884,0.4722222089767456,1.631201982498169,360,1724,0.5
32,2,45589,32,tanh,,True,False,adam,False,11,32,GRU,0.9861111044883728,0.6750705242156982,0.4305555522441864,1.993323802947998,360,1724,0.5
33,2,45589,32,tanh,,True,False,adam,False,11,32,LSTM,0.9895833134651184,0.6545984148979187,0.4444444477558136,1.903630614280701,360,1724,0.5
34,2,45589,32,tanh,,True,False,rmsprop,False,11,32,GRU,0.9861111044883728,0.6629655361175537,0.4722222089767456,1.893262267112732,360,1724,0.5
35,2,45589,32,tanh,,True,False,rmsprop,False,13,32,LSTM,0.9895833134651184,0.5053050518035889,0.4583333432674408,1.7594778537750244,360,1724,0.5
36,2,45589,32,tanh,,True,True,adam,False,11,32,GRU,0.9895833134651184,0.6604057550430298,0.4027777910232544,2.100109338760376,360,1724,0.5
37,2,45589,32,tanh,,True,True,adam,False,11,32,LSTM,0.9861111044883728,0.6381305456161499,0.4444444477558136,1.7201868295669556,360,1724,0.5
38,2,45589,32,tanh,,True,True,rmsprop,False,28,32,GRU,0.9930555820465088,0.07928600162267685,0.4305555522441864,1.309437870979309,360,1724,0.5
39,2,45589,32,tanh,,True,True,rmsprop,False,17,32,LSTM,0.9895833134651184,0.2884467542171478,0.4166666567325592,1.6077831983566284,360,1724,0.5
40,2,45589,32,relu,L1,False,False,adam,False,11,32,GRU,0.9861111044883728,0.6499440670013428,0.4722222089767456,1.8300306797027588,360,1724,0.5
41,2,45589,32,relu,L1,False,False,adam,False,13,32,LSTM,0.9895833134651184,0.5136650204658508,0.5138888955116272,1.6996958255767822,360,1724,0.5
42,2,45589,32,relu,L1,False,False,rmsprop,False,11,32,GRU,0.9861111044883728,0.6671692728996277,0.4305555522441864,2.1387159824371342,360,1724,0.5
43,2,45589,32,relu,L1,False,False,rmsprop,False,11,32,LSTM,0.9826388955116272,0.6199101805686951,0.4444444477558136,1.86644446849823,360,1724,0.5
44,2,45589,32,relu,L1,False,True,adam,False,11,32,GRU,0.9895833134651184,0.6546386480331421,0.4305555522441864,1.8157007694244385,360,1724,0.5
45,2,45589,32,relu,L1,False,True,adam,False,11,32,LSTM,0.9895833134651184,0.6630755662918091,0.4722222089767456,1.9786993265151973,360,1724,0.5
46,2,45589,32,relu,L1,False,True,rmsprop,False,11,32,GRU,0.9930555820465088,0.6491749286651611,0.5,1.83856201171875,360,1724,0.5
47,2,45589,32,relu,L1,False,True,rmsprop,False,11,32,LSTM,0.9930555820465088,0.6533786058425903,0.4583333432674408,1.9096109867095947,360,1724,0.5
48,2,45589,32,relu,L1,True,False,adam,False,11,32,GRU,0.9895833134651184,0.6598576903343201,0.4027777910232544,1.971040725708008,360,1724,0.5
49,2,45589,32,relu,L1,True,False,adam,False,33,32,LSTM,0.9895833134651184,0.06070837005972862,0.4444444477558136,1.3184419870376587,360,1724,0.5
50,2,45589,32,relu,L1,True,False,rmsprop,False,29,32,GRU,0.9895833134651184,0.07488863915205002,0.4861111044883728,1.2036951780319214,360,1724,0.5
51,2,45589,32,relu,L1,True,False,rmsprop,False,12,32,LSTM,0.9895833134651184,0.588822603225708,0.4583333432674408,1.6877466440200806,360,1724,0.5
52,2,45589,32,relu,L1,True,True,adam,False,37,32,GRU,0.9895833134651184,0.05647410824894905,0.4583333432674408,1.2760893106460571,360,1724,0.5
53,2,45589,32,relu,L1,True,True,adam,False,27,32,LSTM,0.9826388955116272,0.07837243378162384,0.4722222089767456,1.2491008043289185,360,1724,0.5
54,2,45589,32,relu,L1,True,True,rmsprop,False,11,32,GRU,0.9895833134651184,0.6731405258178711,0.4166666567325592,1.9417357444763184,360,1724,0.5
55,2,45589,32,relu,L1,True,True,rmsprop,False,27,32,LSTM,0.9930555820465088,0.1304091066122055,0.3888888955116272,1.302488923072815,360,1724,0.5
56,2,45589,32,relu,,False,False,adam,False,14,32,GRU,0.9895833134651184,0.4436750411987305,0.4583333432674408,1.6747031211853027,360,1724,0.5
57,2,45589,32,relu,,False,False,adam,False,11,32,LSTM,0.9895833134651184,0.6539030075073242,0.4305555522441864,2.0502586364746094,360,1724,0.5
58,2,45589,32,relu,,False,False,rmsprop,False,34,32,GRU,0.9861111044883728,0.07186019420623779,0.4722222089767456,1.2037434577941897,360,1724,0.5
59,2,45589,32,relu,,False,False,rmsprop,False,11,32,LSTM,0.9895833134651184,0.6702274680137634,0.4444444477558136,1.8908710479736328,360,1724,0.5
60,2,45589,32,relu,,False,True,adam,False,35,32,GRU,0.9826388955116272,0.07562550157308577,0.4305555522441864,1.2530651092529297,360,1724,0.5
61,2,45589,32,relu,,False,True,adam,False,14,32,LSTM,0.9895833134651184,0.4766004383563995,0.3888888955116272,1.567586064338684,360,1724,0.5
62,2,45589,32,relu,,False,True,rmsprop,False,12,32,GRU,0.9895833134651184,0.57546466588974,0.4722222089767456,1.8734588623046875,360,1724,0.5
63,2,45589,32,relu,,False,True,rmsprop,False,12,32,LSTM,0.9861111044883728,0.574951171875,0.4305555522441864,1.6560779809951782,360,1724,0.5
64,2,45589,32,relu,,True,False,adam,False,11,32,GRU,0.9895833134651184,0.6679213643074036,0.5,2.0085623264312744,360,1724,0.5
65,2,45589,32,relu,,True,False,adam,False,31,32,LSTM,0.9895833134651184,0.06078755110502241,0.4027777910232544,1.553964614868164,360,1724,0.5
66,2,45589,32,relu,,True,False,rmsprop,False,12,32,GRU,0.9930555820465088,0.5697826147079468,0.4861111044883728,1.872960448265076,360,1724,0.5
67,2,45589,32,relu,,True,False,rmsprop,False,12,32,LSTM,0.9722222089767456,0.5873779654502869,0.4583333432674408,1.6268376111984253,360,1724,0.5
68,2,45589,32,relu,,True,True,adam,False,12,32,GRU,0.9895833134651184,0.5635035634040833,0.4583333432674408,1.814663529396057,360,1724,0.5
69,2,45589,32,relu,,True,True,adam,False,12,32,LSTM,0.9895833134651184,0.6005656719207764,0.4722222089767456,1.9844794273376465,360,1724,0.5
70,2,45589,32,relu,,True,True,rmsprop,False,33,32,GRU,0.9895833134651184,0.060754485428333276,0.4583333432674408,1.2022490501403809,360,1724,0.5
71,2,45589,32,relu,,True,True,rmsprop,False,13,32,LSTM,0.9930555820465088,0.5083000659942627,0.4305555522441864,1.8800597190856927,360,1724,0.5
72,2,45589,48,tanh,L1,False,False,adam,False,22,32,GRU,0.9791666865348816,0.12495499104261396,0.4444444477558136,1.4385771751403809,360,1724,0.5
73,2,45589,48,tanh,L1,False,False,adam,False,26,32,LSTM,0.9895833134651184,0.08085397630929947,0.4583333432674408,1.3890821933746338,360,1724,0.5
74,2,45589,48,tanh,L1,False,False,rmsprop,False,38,32,GRU,0.9861111044883728,0.06657270342111588,0.4444444477558136,1.3597861528396606,360,1724,0.5
75,2,45589,48,tanh,L1,False,False,rmsprop,False,23,32,LSTM,0.9895833134651184,0.14492487907409668,0.4583333432674408,1.437132716178894,360,1724,0.5
76,2,45589,48,tanh,L1,False,True,adam,False,11,32,GRU,0.9861111044883728,0.65041184425354,0.4583333432674408,1.7897992134094238,360,1724,0.5
77,2,45589,48,tanh,L1,False,True,adam,False,12,32,LSTM,0.9930555820465088,0.5855323672294617,0.4861111044883728,1.8546189069747925,360,1724,0.5
78,2,45589,48,tanh,L1,False,True,rmsprop,False,11,32,GRU,0.9861111044883728,0.6573598384857178,0.4861111044883728,1.8987562656402588,360,1724,0.5
79,2,45589,48,tanh,L1,False,True,rmsprop,False,12,32,LSTM,0.9895833134651184,0.5922641158103943,0.4444444477558136,1.788250207901001,360,1724,0.5
80,2,45589,48,tanh,L1,True,False,adam,False,11,32,GRU,0.9895833134651184,0.6856334209442139,0.4722222089767456,1.77853524684906,360,1724,0.5
81,2,45589,48,tanh,L1,True,False,adam,False,11,32,LSTM,0.9895833134651184,0.6424461007118225,0.5,2.0101575851440434,360,1724,0.5
82,2,45589,48,tanh,L1,True,False,rmsprop,False,11,32,GRU,0.9895833134651184,0.6729704737663269,0.4583333432674408,1.87494707107544,360,1724,0.5
83,2,45589,48,tanh,L1,True,False,rmsprop,False,11,32,LSTM,0.9895833134651184,0.653615415096283,0.5,1.8795884847640991,360,1724,0.5
84,2,45589,48,tanh,L1,True,True,adam,False,12,32,GRU,0.9895833134651184,0.582972526550293,0.4861111044883728,1.7101855278015137,360,1724,0.5
85,2,45589,48,tanh,L1,True,True,adam,False,28,32,LSTM,0.9895833134651184,0.21655116975307465,0.4444444477558136,1.402097463607788,360,1724,0.5
86,2,45589,48,tanh,L1,True,True,rmsprop,False,46,32,GRU,0.9930555820465088,0.055904798209667206,0.4444444477558136,1.1279300451278689,360,1724,0.5
87,2,45589,48,tanh,L1,True,True,rmsprop,False,11,32,LSTM,0.9895833134651184,0.649080753326416,0.4444444477558136,2.0305368900299072,360,1724,0.5
88,2,45589,48,tanh,,False,False,adam,False,11,32,GRU,0.9861111044883728,0.6596710085868835,0.4305555522441864,1.82112205028534,360,1724,0.5
89,2,45589,48,tanh,,False,False,adam,False,32,32,LSTM,0.9826388955116272,0.07180342078208922,0.4722222089767456,1.179169535636902,360,1724,0.5
90,2,45589,48,tanh,,False,False,rmsprop,False,12,32,GRU,0.9895833134651184,0.5637281537055969,0.4861111044883728,1.682159423828125,360,1724,0.5
91,2,45589,48,tanh,,False,False,rmsprop,False,12,32,LSTM,0.9861111044883728,0.5732915997505188,0.4861111044883728,1.5889849662780762,360,1724,0.5
92,2,45589,48,tanh,,False,True,adam,False,14,32,GRU,0.9826388955116272,0.4732407927513122,0.4027777910232544,1.5360437631607056,360,1724,0.5
93,2,45589,48,tanh,,False,True,adam,False,20,32,LSTM,0.9861111044883728,0.1957494914531708,0.4166666567325592,1.4360164403915403,360,1724,0.5
94,2,45589,48,tanh,,False,True,rmsprop,False,11,32,GRU,0.9826388955116272,0.63468998670578,0.4861111044883728,1.8529633283615112,360,1724,0.5
95,2,45589,48,tanh,,False,True,rmsprop,False,28,32,LSTM,0.9861111044883728,0.08198630809783937,0.4722222089767456,1.3102906942367554,360,1724,0.5
96,2,45589,48,tanh,,True,False,adam,False,12,32,GRU,0.9861111044883728,0.5869013071060181,0.4861111044883728,1.7998019456863403,360,1724,0.5
97,2,45589,48,tanh,,True,False,adam,False,28,32,LSTM,0.9826388955116272,0.07780105620622635,0.375,1.3878105878829956,360,1724,0.5
98,2,45589,48,tanh,,True,False,rmsprop,False,12,32,GRU,0.9895833134651184,0.5611621141433716,0.4722222089767456,2.052908182144165,360,1724,0.5
99,2,45589,48,tanh,,True,False,rmsprop,False,14,32,LSTM,0.9826388955116272,0.452801376581192,0.4722222089767456,1.5502963066101074,360,1724,0.5
100,2,45589,48,tanh,,True,True,adam,False,31,32,GRU,0.9895833134651184,0.06905773282051086,0.4305555522441864,1.2821125984191897,360,1724,0.5
101,2,45589,48,tanh,,True,True,adam,False,12,32,LSTM,0.9895833134651184,0.5865871906280518,0.4583333432674408,1.8248636722564693,360,1724,0.5
102,2,45589,48,tanh,,True,True,rmsprop,False,12,32,GRU,0.9895833134651184,0.5855016112327576,0.4583333432674408,1.8959897756576536,360,1724,0.5
103,2,45589,48,tanh,,True,True,rmsprop,False,31,32,LSTM,0.9930555820465088,0.06312617659568788,0.4305555522441864,1.2541661262512207,360,1724,0.5
104,2,45589,48,relu,L1,False,False,adam,False,11,32,GRU,0.9861111044883728,0.6706692576408386,0.5138888955116272,1.8935478925704958,360,1724,0.5
105,2,45589,48,relu,L1,False,False,adam,False,12,32,LSTM,0.9861111044883728,0.5715606808662415,0.5,1.878859043121338,360,1724,0.5
106,2,45589,48,relu,L1,False,False,rmsprop,False,11,32,GRU,0.9861111044883728,0.6632000803947449,0.4861111044883728,1.6965506076812744,360,1724,0.5
107,2,45589,48,relu,L1,False,False,rmsprop,False,21,32,LSTM,0.9861111044883728,0.15285110473632812,0.5138888955116272,1.308701753616333,360,1724,0.5
108,2,45589,48,relu,L1,False,True,adam,False,19,32,GRU,0.9895833134651184,0.2079964280128479,0.4861111044883728,1.4043712615966797,360,1724,0.5
109,2,45589,48,relu,L1,False,True,adam,False,33,32,LSTM,0.9895833134651184,0.06743476539850235,0.4027777910232544,1.3561993837356567,360,1724,0.5
110,2,45589,48,relu,L1,False,True,rmsprop,False,13,32,GRU,0.9930555820465088,0.5149554610252379,0.4722222089767456,1.6671651601791382,360,1724,0.5
111,2,45589,48,relu,L1,False,True,rmsprop,False,11,32,LSTM,0.9861111044883728,0.663104236125946,0.5,1.9250586032867432,360,1724,0.5
112,2,45589,48,relu,L1,True,False,adam,False,12,32,GRU,0.9930555820465088,0.58289635181427,0.4722222089767456,1.7253299951553345,360,1724,0.5
113,2,45589,48,relu,L1,True,False,adam,False,23,32,LSTM,0.9895833134651184,0.12121578305959704,0.4166666567325592,1.463310718536377,360,1724,0.5
114,2,45589,48,relu,L1,True,False,rmsprop,False,33,32,GRU,0.9861111044883728,0.0644569993019104,0.4166666567325592,1.291969895362854,360,1724,0.5
115,2,45589,48,relu,L1,True,False,rmsprop,False,34,32,LSTM,0.9895833134651184,0.06435033679008484,0.4166666567325592,1.2067809104919434,360,1724,0.5
116,2,45589,48,relu,L1,True,True,adam,False,11,32,GRU,0.9826388955116272,0.6580536961555481,0.4444444477558136,1.8593480587005613,360,1724,0.5
117,2,45589,48,relu,L1,True,True,adam,False,25,32,LSTM,0.9895833134651184,0.10448678582906724,0.4444444477558136,1.4554495811462402,360,1724,0.5
118,2,45589,48,relu,L1,True,True,rmsprop,False,13,32,GRU,0.9861111044883728,0.5235605835914612,0.4583333432674408,1.689840316772461,360,1724,0.5
119,2,45589,48,relu,L1,True,True,rmsprop,False,11,32,LSTM,0.9861111044883728,0.6531824469566345,0.4305555522441864,1.9388179779052728,360,1724,0.5
120,2,45589,48,relu,,False,False,adam,False,14,32,GRU,0.9895833134651184,0.42785605788230896,0.4305555522441864,1.6704558134078982,360,1724,0.5
121,2,45589,48,relu,,False,False,adam,False,12,32,LSTM,0.9895833134651184,0.5673869252204895,0.4583333432674408,1.8717774152755733,360,1724,0.5
122,2,45589,48,relu,,False,False,rmsprop,False,12,32,GRU,0.9895833134651184,0.5899284482002258,0.4583333432674408,1.8343522548675537,360,1724,0.5
123,2,45589,48,relu,,False,False,rmsprop,False,12,32,LSTM,0.9861111044883728,0.558053731918335,0.5,1.7141444683074951,360,1724,0.5
124,2,45589,48,relu,,False,True,adam,False,11,32,GRU,0.9861111044883728,0.6552296876907349,0.4444444477558136,1.986133098602295,360,1724,0.5
125,2,45589,48,relu,,False,True,adam,False,11,32,LSTM,0.9861111044883728,0.6354082822799683,0.4583333432674408,1.8670353889465328,360,1724,0.5
126,2,45589,48,relu,,False,True,rmsprop,False,27,32,GRU,0.9895833134651184,0.11156579852104187,0.4305555522441864,1.3419318199157717,360,1724,0.5
127,2,45589,48,relu,,False,True,rmsprop,False,27,32,LSTM,0.9930555820465088,0.12509684264659882,0.4722222089767456,1.3283040523529053,360,1724,0.5
128,2,45589,48,relu,,True,False,adam,False,11,32,GRU,0.9930555820465088,0.6579644680023193,0.5,1.9817919731140137,360,1724,0.5
129,2,45589,48,relu,,True,False,adam,False,11,32,LSTM,0.9861111044883728,0.6525751948356628,0.4305555522441864,1.9559224843978882,360,1724,0.5
130,2,45589,48,relu,,True,False,rmsprop,False,11,32,GRU,0.9826388955116272,0.6633007526397705,0.4444444477558136,1.819356918334961,360,1724,0.5
131,2,45589,48,relu,,True,False,rmsprop,False,12,32,LSTM,0.9930555820465088,0.5743196606636047,0.4444444477558136,1.6216731071472168,360,1724,0.5
132,2,45589,48,relu,,True,True,adam,False,12,32,GRU,0.9826388955116272,0.5893867015838623,0.4722222089767456,1.6171739101409912,360,1724,0.5
133,2,45589,48,relu,,True,True,adam,False,26,32,LSTM,0.9930555820465088,0.10446593910455704,0.4861111044883728,1.3652369976043701,360,1724,0.5
134,2,45589,48,relu,,True,True,rmsprop,False,36,32,GRU,0.9930555820465088,0.06255266070365906,0.4305555522441864,1.413841724395752,360,1724,0.5
135,2,45589,48,relu,,True,True,rmsprop,False,33,32,LSTM,0.9895833134651184,0.10024422407150267,0.4444444477558136,1.0749473571777344,360,1724,0.5
136,2,45589,64,tanh,L1,False,False,adam,False,11,32,GRU,0.9895833134651184,0.658321738243103,0.4444444477558136,1.9069328308105469,360,1724,0.5
137,2,45589,64,tanh,L1,False,False,adam,False,11,32,LSTM,0.9895833134651184,0.6540365815162659,0.4444444477558136,1.8804278373718264,360,1724,0.5
138,2,45589,64,tanh,L1,False,False,rmsprop,False,12,32,GRU,0.9861111044883728,0.5860345363616943,0.4305555522441864,1.7035176753997805,360,1724,0.5
139,2,45589,64,tanh,L1,False,False,rmsprop,False,11,32,LSTM,0.9895833134651184,0.6624647378921509,0.4444444477558136,1.811595678329468,360,1724,0.5
140,2,45589,64,tanh,L1,False,True,adam,False,30,32,GRU,0.9895833134651184,0.06984938681125641,0.4722222089767456,1.1796774864196775,360,1724,0.5
141,2,45589,64,tanh,L1,False,True,adam,False,12,32,LSTM,0.9895833134651184,0.5973618626594543,0.5138888955116272,1.691548466682434,360,1724,0.5
142,2,45589,64,tanh,L1,False,True,rmsprop,False,50,32,GRU,0.9895833134651184,0.0491439700126648,0.4027777910232544,1.273033857345581,360,1724,0.5
143,2,45589,64,tanh,L1,False,True,rmsprop,False,11,32,LSTM,0.9861111044883728,0.6670162081718445,0.4027777910232544,2.0161824226379395,360,1724,0.5
144,2,45589,64,tanh,L1,True,False,adam,False,12,32,GRU,0.9826388955116272,0.5800089836120605,0.4583333432674408,1.8702517747879028,360,1724,0.5
145,2,45589,64,tanh,L1,True,False,adam,False,11,32,LSTM,0.9861111044883728,0.650944709777832,0.4305555522441864,1.971072673797608,360,1724,0.5
146,2,45589,64,tanh,L1,True,False,rmsprop,False,12,32,GRU,0.9930555820465088,0.5695690512657166,0.4722222089767456,1.6989771127700806,360,1724,0.5
147,2,45589,64,tanh,L1,True,False,rmsprop,False,12,32,LSTM,0.9826388955116272,0.5730797052383423,0.4722222089767456,1.6912217140197754,360,1724,0.5
148,2,45589,64,tanh,L1,True,True,adam,False,11,32,GRU,0.9826388955116272,0.661062479019165,0.4444444477558136,2.0751681327819824,360,1724,0.5
149,2,45589,64,tanh,L1,True,True,adam,False,12,32,LSTM,0.9895833134651184,0.562083899974823,0.4444444477558136,1.8464245796203607,360,1724,0.5
150,2,45589,64,tanh,L1,True,True,rmsprop,False,33,32,GRU,0.9895833134651184,0.08048072457313538,0.3888888955116272,1.1494911909103394,360,1724,0.5
151,2,45589,64,tanh,L1,True,True,rmsprop,False,20,32,LSTM,0.9861111044883728,0.1904829144477844,0.4583333432674408,1.5734379291534424,360,1724,0.5
152,2,45589,64,tanh,,False,False,adam,False,11,32,GRU,0.9826388955116272,0.6456490159034729,0.4444444477558136,1.7910270690917969,360,1724,0.5
153,2,45589,64,tanh,,False,False,adam,False,27,32,LSTM,0.9895833134651184,0.08754134178161621,0.3888888955116272,1.3252873420715332,360,1724,0.5
154,2,45589,64,tanh,,False,False,rmsprop,False,12,32,GRU,0.9826388955116272,0.5734270811080933,0.4444444477558136,1.7771203517913818,360,1724,0.5
155,2,45589,64,tanh,,False,False,rmsprop,False,33,32,LSTM,0.9895833134651184,0.07033714652061462,0.4444444477558136,1.2150242328643799,360,1724,0.5
156,2,45589,64,tanh,,False,True,adam,False,12,32,GRU,0.9930555820465088,0.579735517501831,0.4583333432674408,1.6647011041641235,360,1724,0.5
157,2,45589,64,tanh,,False,True,adam,False,11,32,LSTM,0.9861111044883728,0.6516645550727844,0.4444444477558136,1.8832206726074217,360,1724,0.5
158,2,45589,64,tanh,,False,True,rmsprop,False,34,32,GRU,0.9895833134651184,0.0664411261677742,0.4722222089767456,1.2812895774841309,360,1724,0.5
159,2,45589,64,tanh,,False,True,rmsprop,False,29,32,LSTM,0.9861111044883728,0.07517024129629135,0.4444444477558136,1.2692997455596924,360,1724,0.5
160,2,45589,64,tanh,,True,False,adam,False,28,32,GRU,0.9895833134651184,0.07886574417352676,0.4305555522441864,1.4070903062820437,360,1724,0.5
161,2,45589,64,tanh,,True,False,adam,False,11,32,LSTM,0.9930555820465088,0.6664576530456543,0.5,1.7021358013153076,360,1724,0.5
162,2,45589,64,tanh,,True,False,rmsprop,False,33,32,GRU,0.9861111044883728,0.07544035464525223,0.4444444477558136,1.127560019493103,360,1724,0.5
163,2,45589,64,tanh,,True,False,rmsprop,False,11,32,LSTM,0.9861111044883728,0.6691532135009766,0.4722222089767456,1.866026759147644,360,1724,0.5
164,2,45589,64,tanh,,True,True,adam,False,11,32,GRU,0.9826388955116272,0.6577758193016052,0.4166666567325592,1.779856562614441,360,1724,0.5
165,2,45589,64,tanh,,True,True,adam,False,32,32,LSTM,0.9861111044883728,0.061867866665124886,0.4027777910232544,1.4465498924255369,360,1724,0.5
166,2,45589,64,tanh,,True,True,rmsprop,False,11,32,GRU,0.9861111044883728,0.6500428318977356,0.4166666567325592,1.6510968208312988,360,1724,0.5
167,2,45589,64,tanh,,True,True,rmsprop,False,12,32,LSTM,0.9895833134651184,0.5733601450920105,0.4444444477558136,1.9735279083251955,360,1724,0.5
168,2,45589,64,relu,L1,False,False,adam,False,12,32,GRU,0.9826388955116272,0.5811306834220886,0.4166666567325592,1.7087454795837402,360,1724,0.5
169,2,45589,64,relu,L1,False,False,adam,False,12,32,LSTM,0.9930555820465088,0.5832482576370239,0.3888888955116272,1.9626641273498533,360,1724,0.5
170,2,45589,64,relu,L1,False,False,rmsprop,False,25,32,GRU,0.9930555820465088,0.09559594839811324,0.4861111044883728,1.2654564380645752,360,1724,0.5
171,2,45589,64,relu,L1,False,False,rmsprop,False,11,32,LSTM,0.9930555820465088,0.6625610589981079,0.4861111044883728,1.7802181243896484,360,1724,0.5
172,2,45589,64,relu,L1,False,True,adam,False,11,32,GRU,0.9930555820465088,0.6586428880691528,0.4166666567325592,1.7603818178176882,360,1724,0.5
173,2,45589,64,relu,L1,False,True,adam,False,30,32,LSTM,0.9861111044883728,0.08070871233940125,0.4444444477558136,1.197616696357727,360,1724,0.5
174,2,45589,64,relu,L1,False,True,rmsprop,False,11,32,GRU,0.9930555820465088,0.6704409122467041,0.4305555522441864,1.748064041137695,360,1724,0.5
175,2,45589,64,relu,L1,False,True,rmsprop,False,11,32,LSTM,0.9895833134651184,0.6785719990730286,0.4444444477558136,1.7121415138244631,360,1724,0.5
176,2,45589,64,relu,L1,True,False,adam,False,25,32,GRU,0.9895833134651184,0.08992906659841537,0.4305555522441864,1.2856574058532717,360,1724,0.5
177,2,45589,64,relu,L1,True,False,adam,False,43,32,LSTM,0.9895833134651184,0.07640733569860457,0.4861111044883728,1.3047128915786743,360,1724,0.5
178,2,45589,64,relu,L1,True,False,rmsprop,False,30,32,GRU,0.9895833134651184,0.06824418902397156,0.4444444477558136,1.380382776260376,360,1724,0.5
179,2,45589,64,relu,L1,True,False,rmsprop,False,13,32,LSTM,0.9895833134651184,0.5115420818328857,0.4722222089767456,1.729119062423706,360,1724,0.5
180,2,45589,64,relu,L1,True,True,adam,False,47,32,GRU,0.9895833134651184,0.0686657652258873,0.4305555522441864,1.1363658905029297,360,1724,0.5
181,2,45589,64,relu,L1,True,True,adam,False,11,32,LSTM,0.9861111044883728,0.6511414647102356,0.4722222089767456,1.7830129861831665,360,1724,0.5
182,2,45589,64,relu,L1,True,True,rmsprop,False,29,32,GRU,0.9895833134651184,0.07871437072753906,0.4583333432674408,1.2537792921066284,360,1724,0.5
183,2,45589,64,relu,L1,True,True,rmsprop,False,12,32,LSTM,0.9861111044883728,0.577256441116333,0.4305555522441864,1.891990065574646,360,1724,0.5
184,2,45589,64,relu,,False,False,adam,False,12,32,GRU,0.9826388955116272,0.5734127759933472,0.4722222089767456,1.6936146020889282,360,1724,0.5
185,2,45589,64,relu,,False,False,adam,False,11,32,LSTM,0.9895833134651184,0.6699978709220886,0.4305555522441864,1.8535916805267327,360,1724,0.5
186,2,45589,64,relu,,False,False,rmsprop,False,11,32,GRU,0.9930555820465088,0.6396404504776001,0.4166666567325592,2.0389907360076904,360,1724,0.5
187,2,45589,64,relu,,False,False,rmsprop,False,11,32,LSTM,0.9930555820465088,0.6314342617988586,0.4305555522441864,1.9513558149337769,360,1724,0.5
188,2,45589,64,relu,,False,True,adam,False,11,32,GRU,0.9826388955116272,0.6874358654022217,0.5,2.0012249946594243,360,1724,0.5
189,2,45589,64,relu,,False,True,adam,False,11,32,LSTM,0.9756944179534912,0.6900396943092346,0.4583333432674408,1.7487037181854248,360,1724,0.5
190,2,45589,64,relu,,False,True,rmsprop,False,39,32,GRU,0.9895833134651184,0.06640170514583588,0.4444444477558136,1.1354219913482666,360,1724,0.5
191,2,45589,64,relu,,False,True,rmsprop,False,11,32,LSTM,0.9826388955116272,0.6481459736824036,0.4444444477558136,1.9203921556472776,360,1724,0.5
192,2,45589,64,relu,,True,False,adam,False,11,32,GRU,0.9861111044883728,0.6308847665786743,0.4861111044883728,1.772058129310608,360,1724,0.5
193,2,45589,64,relu,,True,False,adam,False,11,32,LSTM,0.9826388955116272,0.6488842964172363,0.3888888955116272,1.7598354816436768,360,1724,0.5
194,2,45589,64,relu,,True,False,rmsprop,False,25,32,GRU,0.9930555820465088,0.09029444307088852,0.4444444477558136,1.3330284357070925,360,1724,0.5
195,2,45589,64,relu,,True,False,rmsprop,False,12,32,LSTM,0.9861111044883728,0.5610512495040894,0.4444444477558136,1.878399133682251,360,1724,0.5
196,2,45589,64,relu,,True,True,adam,False,12,32,GRU,0.9826388955116272,0.5631479024887085,0.4861111044883728,1.82202696800232,360,1724,0.5
197,2,45589,64,relu,,True,True,adam,False,11,32,LSTM,0.9861111044883728,0.6653488874435425,0.5277777910232544,1.9222403764724727,360,1724,0.5
198,2,45589,64,relu,,True,True,rmsprop,False,11,32,GRU,0.9895833134651184,0.6653187274932861,0.4583333432674408,1.7659884691238403,360,1724,0.5
199,2,45589,64,relu,,True,True,rmsprop,False,11,32,LSTM,0.9861111044883728,0.6498510241508484,0.4444444477558136,1.7854207754135132,360,1724,0.5
200,2,45589,64,tanh,L1,False,False,adam,False,23,32,GRU,0.9965277910232544,0.06272498518228531,0.5277777910232544,1.8476450443267824,360,1724,0.5
201,2,45589,64,tanh,L1,False,False,adam,False,22,32,LSTM,0.9861111044883728,0.12078669667243958,0.4305555522441864,1.400421142578125,360,1724,0.5
202,2,45589,64,tanh,L1,False,False,rmsprop,False,27,32,GRU,0.9895833134651184,0.0790075734257698,0.4305555522441864,1.248457670211792,360,1724,0.5
203,2,45589,64,tanh,L1,False,False,rmsprop,False,22,32,LSTM,0.9826388955116272,0.09504233300685884,0.4583333432674408,1.2903879880905151,360,1724,0.5
204,2,45589,64,tanh,L1,False,True,adam,False,23,32,GRU,0.9930555820465088,0.07357809692621231,0.5277777910232544,1.62145733833313,360,1724,0.5
205,2,45589,64,tanh,L1,False,True,adam,False,22,32,LSTM,0.9895833134651184,0.0772295892238617,0.3888888955116272,1.5290589332580566,360,1724,0.5
206,2,45589,64,tanh,L1,False,True,rmsprop,False,20,32,GRU,0.9895833134651184,0.09255096316337584,0.4583333432674408,1.816935658454895,360,1724,0.5
207,2,45589,64,tanh,L1,False,True,rmsprop,False,26,32,LSTM,0.9930555820465088,0.06391189247369766,0.4722222089767456,1.400781273841858,360,1724,0.5
208,2,45589,64,tanh,L1,True,False,adam,False,21,32,GRU,0.9930555820465088,0.07488787919282912,0.4583333432674408,1.4522496461868286,360,1724,0.5
209,2,45589,64,tanh,L1,True,False,adam,False,24,32,LSTM,0.5,2.52200984954834,0.5,2.20906400680542,360,1724,0.5
210,2,45589,64,tanh,L1,True,False,rmsprop,False,21,32,GRU,0.9861111044883728,0.10582214593887328,0.4583333432674408,1.6530821323394775,360,1724,0.5
211,2,45589,64,tanh,L1,True,False,rmsprop,False,23,32,LSTM,0.9895833134651184,0.07294373214244843,0.4166666567325592,1.7320077419281006,360,1724,0.5
212,2,45589,64,tanh,L1,True,True,adam,False,21,32,GRU,0.9756944179534912,0.22287151217460632,0.4861111044883728,1.6549403667449951,360,1724,0.5
213,2,45589,64,tanh,L1,True,True,adam,False,21,32,LSTM,0.9861111044883728,0.07352282851934433,0.5,1.3942735195159912,360,1724,0.5
214,2,45589,64,tanh,L1,True,True,rmsprop,False,28,32,GRU,0.9895833134651184,0.07564546167850494,0.5138888955116272,1.3722209930419922,360,1724,0.5
215,2,45589,64,tanh,L1,True,True,rmsprop,False,24,32,LSTM,0.9861111044883728,0.07347632944583893,0.5,1.531971096992493,360,1724,0.5
216,2,45589,64,tanh,,False,False,adam,False,25,32,GRU,0.9791666865348816,0.13073112070560455,0.4444444477558136,1.7542386054992676,360,1724,0.5
217,2,45589,64,tanh,,False,False,adam,False,29,32,LSTM,0.9930555820465088,0.051783431321382516,0.4861111044883728,1.336079239845276,360,1724,0.5
218,2,45589,64,tanh,,False,False,rmsprop,False,23,32,GRU,0.9930555820465088,0.08876266330480576,0.4166666567325592,1.336353063583374,360,1724,0.5
219,2,45589,64,tanh,,False,False,rmsprop,False,20,32,LSTM,0.9861111044883728,0.09687188267707823,0.4583333432674408,1.3890300989151,360,1724,0.5
220,2,45589,64,tanh,,False,True,adam,False,28,32,GRU,0.9826388955116272,0.09767363965511322,0.4027777910232544,1.81051766872406,360,1724,0.5
221,2,45589,64,tanh,,False,True,adam,False,21,32,LSTM,0.9930555820465088,0.08760276436805725,0.4444444477558136,1.2017298936843872,360,1724,0.5
222,2,45589,64,tanh,,False,True,rmsprop,False,23,32,GRU,0.9930555820465088,0.13459980487823486,0.4722222089767456,1.9462969303131104,360,1724,0.5
223,2,45589,64,tanh,,False,True,rmsprop,False,22,32,LSTM,0.9861111044883728,0.10822956264019012,0.5277777910232544,1.5609687566757202,360,1724,0.5
224,2,45589,64,tanh,,True,False,adam,False,27,32,GRU,0.9861111044883728,0.11480382829904555,0.4305555522441864,1.6536762714385986,360,1724,0.5
225,2,45589,64,tanh,,True,False,adam,False,25,32,LSTM,0.9930555820465088,0.06944029033184053,0.4722222089767456,1.1227009296417236,360,1724,0.5
226,2,45589,64,tanh,,True,False,rmsprop,False,19,32,GRU,0.5,2.8200664520263667,0.5,2.221472978591919,360,1724,0.5
227,2,45589,64,tanh,,True,False,rmsprop,False,27,32,LSTM,0.9791666865348816,0.08371762186288834,0.5,1.4162564277648926,360,1724,0.5
228,2,45589,64,tanh,,True,True,adam,False,26,32,GRU,0.9930555820465088,0.07320009917020798,0.5277777910232544,1.5639747381210327,360,1724,0.5
229,2,45589,64,tanh,,True,True,adam,False,30,32,LSTM,0.9895833134651184,0.08442169427871704,0.5555555820465088,2.2394227981567383,360,1724,0.5
230,2,45589,64,tanh,,True,True,rmsprop,False,23,32,GRU,0.9895833134651184,0.06828538328409195,0.4583333432674408,1.341787576675415,360,1724,0.5
231,2,45589,64,tanh,,True,True,rmsprop,False,30,32,LSTM,0.9826388955116272,0.086415134370327,0.4027777910232544,1.4130343198776243,360,1724,0.5
232,2,45589,64,relu,L1,False,False,adam,False,23,32,GRU,0.9895833134651184,0.07497980445623398,0.4027777910232544,1.4751741886138916,360,1724,0.5
233,2,45589,64,relu,L1,False,False,adam,False,27,32,LSTM,0.9895833134651184,0.05677155777812004,0.4583333432674408,1.4680336713790894,360,1724,0.5
234,2,45589,64,relu,L1,False,False,rmsprop,False,28,32,GRU,0.9895833134651184,0.0675286129117012,0.4305555522441864,1.6560152769088743,360,1724,0.5
235,2,45589,64,relu,L1,False,False,rmsprop,False,31,32,LSTM,0.9895833134651184,0.04191209375858307,0.4861111044883728,1.3738361597061155,360,1724,0.5
236,2,45589,64,relu,L1,False,True,adam,False,22,32,GRU,0.9895833134651184,0.08650968968868256,0.4166666567325592,1.3260964155197144,360,1724,0.5
237,2,45589,64,relu,L1,False,True,adam,False,21,32,LSTM,0.9895833134651184,0.07214343547821045,0.5555555820465088,1.5769822597503662,360,1724,0.5
238,2,45589,64,relu,L1,False,True,rmsprop,False,23,32,GRU,0.9826388955116272,0.1146617755293846,0.4444444477558136,1.3432947397232056,360,1724,0.5
239,2,45589,64,relu,L1,False,True,rmsprop,False,22,32,LSTM,0.9930555820465088,0.08953127264976501,0.4166666567325592,1.7578532695770264,360,1724,0.5
240,2,45589,64,relu,L1,True,False,adam,False,39,32,GRU,0.9895833134651184,0.06012960895895957,0.4583333432674408,1.2023496627807615,360,1724,0.5
241,2,45589,64,relu,L1,True,False,adam,False,21,32,LSTM,0.9895833134651184,0.08044655621051787,0.4722222089767456,1.4011425971984863,360,1724,0.5
242,2,45589,64,relu,L1,True,False,rmsprop,False,21,32,GRU,0.9861111044883728,0.09354289621114732,0.4722222089767456,1.609774470329285,360,1724,0.5
243,2,45589,64,relu,L1,True,False,rmsprop,False,34,32,LSTM,0.9895833134651184,0.07826283574104309,0.4583333432674408,1.2995905876159668,360,1724,0.5
244,2,45589,64,relu,L1,True,True,adam,False,21,32,GRU,0.9895833134651184,0.08699636906385423,0.5138888955116272,1.4998421669006348,360,1724,0.5
245,2,45589,64,relu,L1,True,True,adam,False,24,32,LSTM,0.9791666865348816,0.08340806514024733,0.4444444477558136,1.4112077951431274,360,1724,0.5
246,2,45589,64,relu,L1,True,True,rmsprop,False,25,32,GRU,0.9722222089767456,0.1063043400645256,0.4861111044883728,1.292971134185791,360,1724,0.5
247,2,45589,64,relu,L1,True,True,rmsprop,False,25,32,LSTM,0.9861111044883728,0.10344956070184708,0.4305555522441864,1.3641934394836426,360,1724,0.5
248,2,45589,64,relu,,False,False,adam,False,19,32,GRU,0.9861111044883728,0.10756374895572662,0.5,1.689485788345337,360,1724,0.5
249,2,45589,64,relu,,False,False,adam,False,25,32,LSTM,0.9930555820465088,0.05806272476911545,0.4583333432674408,1.6693708896636963,360,1724,0.5
250,2,45589,64,relu,,False,False,rmsprop,False,22,32,GRU,0.9861111044883728,0.06622163951396942,0.4166666567325592,1.3407559394836426,360,1724,0.5
251,2,45589,64,relu,,False,False,rmsprop,False,24,32,LSTM,0.9930555820465088,0.08298241347074509,0.4722222089767456,1.3917685747146606,360,1724,0.5
252,2,45589,64,relu,,False,True,adam,False,27,32,GRU,0.9930555820465088,0.06743326783180237,0.4444444477558136,1.4328566789627075,360,1724,0.5
253,2,45589,64,relu,,False,True,adam,False,20,32,LSTM,0.9930555820465088,0.07393643260002136,0.5138888955116272,1.2230710983276367,360,1724,0.5
254,2,45589,64,relu,,False,True,rmsprop,False,22,32,GRU,0.9861111044883728,0.07744566351175307,0.4166666567325592,1.4882137775421145,360,1724,0.5
255,2,45589,64,relu,,False,True,rmsprop,False,30,32,LSTM,0.5,3.6002159118652344,0.5,3.261241912841797,360,1724,0.5
256,2,45589,64,relu,,True,False,adam,False,23,32,GRU,0.9895833134651184,0.07517555356025696,0.5,1.4177007675170898,360,1724,0.5
257,2,45589,64,relu,,True,False,adam,False,23,32,LSTM,0.9826388955116272,0.1025705337524414,0.4583333432674408,1.411719799041748,360,1724,0.5
258,2,45589,64,relu,,True,False,rmsprop,False,22,32,GRU,0.9930555820465088,0.07891713082790375,0.4583333432674408,1.3614153861999512,360,1724,0.5
259,2,45589,64,relu,,True,False,rmsprop,False,23,32,LSTM,0.9895833134651184,0.0929459035396576,0.5277777910232544,1.534107685089111,360,1724,0.5
260,2,45589,64,relu,,True,True,adam,False,19,32,GRU,0.9895833134651184,0.12644031643867493,0.4722222089767456,1.467140793800354,360,1724,0.5
261,2,45589,64,relu,,True,True,adam,False,24,32,LSTM,0.9826388955116272,0.09305741637945177,0.4583333432674408,1.2976250648498535,360,1724,0.5
262,2,45589,64,relu,,True,True,rmsprop,False,27,32,GRU,0.9895833134651184,0.05397521331906319,0.4444444477558136,1.4294587373733518,360,1724,0.5
263,2,45589,64,relu,,True,True,rmsprop,False,23,32,LSTM,0.9930555820465088,0.07531578838825226,0.4583333432674408,1.8469778299331665,360,1724,0.5
264,2,45589,32,tanh,L1,False,False,adam,False,12,32,GRU,0.9930555820465088,0.5683932900428772,0.4166666567325592,1.6462759971618652,360,1724,0.5
265,2,45589,32,tanh,L1,False,False,rmsprop,False,11,32,GRU,0.9895833134651184,0.639015793800354,0.5,1.7178151607513428,360,1724,0.5
266,2,45589,32,tanh,L1,False,True,adam,False,26,32,GRU,0.9930555820465088,0.08181041479110718,0.4027777910232544,1.364400029182434,360,1724,0.5
267,2,45589,32,tanh,L1,False,True,rmsprop,False,36,32,GRU,0.9861111044883728,0.06493963301181792,0.4305555522441864,1.2793493270874023,360,1724,0.5
268,2,45589,32,tanh,L1,True,False,adam,False,11,32,GRU,0.9826388955116272,0.6498622894287109,0.4305555522441864,1.9862622022628784,360,1724,0.5
269,2,45589,32,tanh,L1,True,False,rmsprop,False,11,32,GRU,0.9826388955116272,0.6407146453857422,0.4444444477558136,1.7721832990646362,360,1724,0.5
270,2,45589,32,tanh,L1,True,True,adam,False,11,32,GRU,0.9861111044883728,0.682819128036499,0.4861111044883728,1.7991877794265747,360,1724,0.5
271,2,45589,32,tanh,L1,True,True,rmsprop,False,12,32,GRU,0.9965277910232544,0.6045153141021729,0.4861111044883728,1.6242445707321167,360,1724,0.5
272,2,45589,32,tanh,,False,False,adam,False,33,32,GRU,0.9930555820465088,0.08435601741075516,0.4305555522441864,1.2833993434906006,360,1724,0.5
273,2,45589,32,tanh,,False,False,rmsprop,False,12,32,GRU,0.9930555820465088,0.5935860276222229,0.4722222089767456,1.8525865077972408,360,1724,0.5
274,2,45589,32,tanh,,False,True,adam,False,11,32,GRU,0.9791666865348816,0.6629717350006104,0.5416666865348816,1.8775734901428225,360,1724,0.5
275,2,45589,32,tanh,,False,True,rmsprop,False,27,32,GRU,0.9895833134651184,0.0836578905582428,0.3611111044883728,1.5343337059020996,360,1724,0.5
276,2,45589,32,tanh,,True,False,adam,False,13,32,GRU,0.9895833134651184,0.4947416484355927,0.4722222089767456,1.6576470136642456,360,1724,0.5
277,2,45589,32,tanh,,True,False,rmsprop,False,11,32,GRU,0.9895833134651184,0.6577388048171997,0.4583333432674408,2.070781946182251,360,1724,0.5
278,2,45589,32,tanh,,True,True,adam,False,11,32,GRU,0.9861111044883728,0.6419615745544434,0.4305555522441864,1.7220360040664673,360,1724,0.5
279,2,45589,32,tanh,,True,True,rmsprop,False,32,32,GRU,0.9895833134651184,0.06848777830600739,0.4722222089767456,1.3999500274658203,360,1724,0.5
280,2,45589,32,relu,L1,False,False,adam,False,13,32,GRU,0.9895833134651184,0.4918029606342316,0.4027777910232544,1.877287983894348,360,1724,0.5
281,2,45589,32,relu,L1,False,False,rmsprop,False,11,32,GRU,0.9861111044883728,0.6655188798904419,0.4444444477558136,2.024044275283813,360,1724,0.5
282,2,45589,32,relu,L1,False,True,adam,False,12,32,GRU,0.9895833134651184,0.5625402927398682,0.4444444477558136,1.7456408739089966,360,1724,0.5
283,2,45589,32,relu,L1,False,True,rmsprop,False,12,32,GRU,0.9895833134651184,0.5778061747550964,0.4583333432674408,1.730445384979248,360,1724,0.5
284,2,45589,32,relu,L1,True,False,adam,False,11,32,GRU,0.9895833134651184,0.629144549369812,0.5,1.6538846492767334,360,1724,0.5
285,2,45589,32,relu,L1,True,False,rmsprop,False,31,32,GRU,0.9895833134651184,0.06695538759231567,0.5,1.3232207298278809,360,1724,0.5
286,2,45589,32,relu,L1,True,True,adam,False,11,32,GRU,0.9930555820465088,0.665843665599823,0.4305555522441864,1.7696168422698977,360,1724,0.5
287,2,45589,32,relu,L1,True,True,rmsprop,False,11,32,GRU,0.9826388955116272,0.6517728567123413,0.4305555522441864,2.0160531997680664,360,1724,0.5
288,2,45589,32,relu,,False,False,adam,False,11,32,GRU,0.9791666865348816,0.6652335524559021,0.5,1.7973039150238037,360,1724,0.5
289,2,45589,32,relu,,False,False,rmsprop,False,42,32,GRU,0.9930555820465088,0.053154800087213516,0.3888888955116272,1.265320062637329,360,1724,0.5
290,2,45589,32,relu,,False,True,adam,False,11,32,GRU,0.9826388955116272,0.682972252368927,0.4583333432674408,1.958566665649414,360,1724,0.5
291,2,45589,32,relu,,False,True,rmsprop,False,11,32,GRU,0.9826388955116272,0.6506240367889404,0.4722222089767456,2.0440013408660893,360,1724,0.5
292,2,45589,32,relu,,True,False,adam,False,12,32,GRU,0.9895833134651184,0.5591955184936523,0.4166666567325592,1.892145156860352,360,1724,0.5
293,2,45589,32,relu,,True,False,rmsprop,False,28,32,GRU,0.9930555820465088,0.07002800703048706,0.3888888955116272,1.7175782918930054,360,1724,0.5
294,2,45589,32,relu,,True,True,adam,False,12,32,GRU,0.9895833134651184,0.5601516366004944,0.4166666567325592,1.914710521697998,360,1724,0.5
295,2,45589,32,relu,,True,True,rmsprop,False,18,32,GRU,0.9930555820465088,0.2575654089450836,0.4583333432674408,1.5619603395462036,360,1724,0.5
296,2,45589,128,tanh,L1,False,False,adam,False,11,32,GRU,0.9826388955116272,0.6584630012512207,0.4444444477558136,1.7150126695632937,360,1724,0.5
297,2,45589,128,tanh,L1,False,False,rmsprop,False,33,32,GRU,0.9861111044883728,0.059969015419483185,0.4444444477558136,1.3358464241027832,360,1724,0.5
298,2,45589,128,tanh,L1,False,True,adam,False,11,32,GRU,0.9895833134651184,0.6426210403442383,0.4444444477558136,1.801878809928894,360,1724,0.5
299,2,45589,128,tanh,L1,False,True,rmsprop,False,11,32,GRU,0.9895833134651184,0.6641246676445007,0.4722222089767456,1.761272430419922,360,1724,0.5
300,2,45589,128,tanh,L1,True,False,adam,False,11,32,GRU,0.9826388955116272,0.6533291339874268,0.4861111044883728,1.9056646823883057,360,1724,0.5
301,2,45589,128,tanh,L1,True,False,rmsprop,False,12,32,GRU,0.9930555820465088,0.5736571550369263,0.5,1.7213064432144165,360,1724,0.5
302,2,45589,128,tanh,L1,True,True,adam,False,33,32,GRU,0.9861111044883728,0.07695789635181427,0.4166666567325592,1.2462034225463867,360,1724,0.5
303,2,45589,128,tanh,L1,True,True,rmsprop,False,12,32,GRU,0.9930555820465088,0.5677640438079834,0.4027777910232544,1.6043943166732788,360,1724,0.5
304,2,45589,128,tanh,,False,False,adam,False,11,32,GRU,0.9826388955116272,0.6639795303344727,0.4861111044883728,1.853598713874817,360,1724,0.5
305,2,45589,128,tanh,,False,False,rmsprop,False,22,32,GRU,0.9895833134651184,0.14597050845623016,0.4305555522441864,1.3111966848373413,360,1724,0.5
306,2,45589,128,tanh,,False,True,adam,False,11,32,GRU,0.9895833134651184,0.6492326259613037,0.4861111044883728,2.0644006729125977,360,1724,0.5
307,2,45589,128,tanh,,False,True,rmsprop,False,28,32,GRU,0.9895833134651184,0.08730249106884003,0.4444444477558136,1.681487202644348,360,1724,0.5
308,2,45589,128,tanh,,True,False,adam,False,29,32,GRU,0.9861111044883728,0.07957062125205994,0.4583333432674408,1.3024553060531616,360,1724,0.5
309,2,45589,128,tanh,,True,False,rmsprop,False,12,32,GRU,0.9895833134651184,0.5727066397666931,0.4861111044883728,1.7771620750427246,360,1724,0.5
310,2,45589,128,tanh,,True,True,adam,False,22,32,GRU,0.9826388955116272,0.12800319492816925,0.4027777910232544,1.364815354347229,360,1724,0.5
311,2,45589,128,tanh,,True,True,rmsprop,False,13,32,GRU,0.9895833134651184,0.5072929859161377,0.4861111044883728,1.8081645965576167,360,1724,0.5
312,2,45589,128,relu,L1,False,False,adam,False,12,32,GRU,0.9930555820465088,0.5626620054244995,0.4305555522441864,1.657625675201416,360,1724,0.5
313,2,45589,128,relu,L1,False,False,rmsprop,False,11,32,GRU,0.9895833134651184,0.6456449031829834,0.5277777910232544,1.902322769165039,360,1724,0.5
314,2,45589,128,relu,L1,False,True,adam,False,11,32,GRU,0.9895833134651184,0.6815143823623657,0.4166666567325592,1.867701888084412,360,1724,0.5
315,2,45589,128,relu,L1,False,True,rmsprop,False,11,32,GRU,0.9826388955116272,0.6514341831207275,0.4722222089767456,1.739799737930298,360,1724,0.5
316,2,45589,128,relu,L1,True,False,adam,False,11,32,GRU,0.9895833134651184,0.6562990546226501,0.4444444477558136,1.932016372680664,360,1724,0.5
317,2,45589,128,relu,L1,True,False,rmsprop,False,11,32,GRU,0.9826388955116272,0.6379793882369995,0.4861111044883728,2.0115821361541752,360,1724,0.5
318,2,45589,128,relu,L1,True,True,adam,False,19,32,GRU,0.9861111044883728,0.2269491106271744,0.4166666567325592,1.5966272354125977,360,1724,0.5
319,2,45589,128,relu,L1,True,True,rmsprop,False,11,32,GRU,0.9861111044883728,0.6600675582885742,0.5,1.7295675277709959,360,1724,0.5
320,2,45589,128,relu,,False,False,adam,False,12,32,GRU,0.9861111044883728,0.5699017643928528,0.4583333432674408,1.6731125116348269,360,1724,0.5
321,2,45589,128,relu,,False,False,rmsprop,False,11,32,GRU,0.9861111044883728,0.6430227756500244,0.4305555522441864,1.7858742475509644,360,1724,0.5
322,2,45589,128,relu,,False,True,adam,False,22,32,GRU,0.9930555820465088,0.13349983096122742,0.4166666567325592,1.4615986347198486,360,1724,0.5
323,2,45589,128,relu,,False,True,rmsprop,False,12,32,GRU,0.9895833134651184,0.6047176718711853,0.4444444477558136,1.872151494026184,360,1724,0.5
324,2,45589,128,relu,,True,False,adam,False,11,32,GRU,0.9895833134651184,0.6524240970611572,0.4583333432674408,2.009866952896118,360,1724,0.5
325,2,45589,128,relu,,True,False,rmsprop,False,12,32,GRU,0.9895833134651184,0.5616382956504822,0.4861111044883728,1.7147458791732788,360,1724,0.5
326,2,45589,128,relu,,True,True,adam,False,14,32,GRU,0.9861111044883728,0.5034935474395752,0.4305555522441864,1.6024872064590454,360,1724,0.5
327,2,45589,128,relu,,True,True,rmsprop,False,12,32,GRU,0.9895833134651184,0.5703426003456116,0.4583333432674408,1.7223162651062012,360,1724,0.5
0,2,45589,64,relu,L1,False,False,adam,True,7,32,GRU,0.9756944179534912,0.10104857385158539,0.5,5.254349708557129,360,1724,0.5
1,2,45589,64,relu,L1,False,False,adam,True,10,32,LSTM,0.9930555820465088,0.025184666737914085,0.4861111044883728,1.1986732482910156,360,1724,0.5
2,2,45589,64,relu,L1,False,False,rmsprop,True,6,32,GRU,0.8958333134651184,0.6787766218185425,0.5,1.1765307188034058,360,1724,0.5
3,2,45589,64,relu,L1,False,False,rmsprop,True,6,32,LSTM,0.8715277910232544,0.47013670206069946,0.5138888955116272,0.7543141841888428,360,1724,0.5
4,2,45589,64,relu,L1,False,False,sgd,True,6,32,GRU,0.9583333134651184,0.2542824149131775,0.5138888955116272,1.0085291862487793,360,1724,0.5
5,2,45589,64,relu,L1,False,False,sgd,True,9,32,LSTM,0.9826388955116272,0.04394318163394928,0.4583333432674408,1.2070555686950684,360,1724,0.5
6,2,45589,64,relu,L1,False,True,adam,True,6,32,GRU,0.9375,0.36076420545578003,0.4583333432674408,0.8089826107025146,360,1724,0.5
7,2,45589,64,relu,L1,False,True,adam,True,9,32,LSTM,0.9861111044883728,0.042745932936668396,0.5,1.378288984298706,360,1724,0.5
8,2,45589,64,relu,L1,False,True,rmsprop,True,9,32,GRU,0.9826388955116272,0.06078345328569412,0.4861111044883728,1.7911992073059082,360,1724,0.5
9,2,45589,64,relu,L1,False,True,rmsprop,True,6,32,LSTM,0.9826388955116272,0.22105437517166138,0.4722222089767456,0.9756870269775391,360,1724,0.5
10,2,45589,64,relu,L1,False,True,sgd,True,9,32,GRU,0.9930555820465088,0.025564013049006462,0.5,1.2928080558776855,360,1724,0.5
11,2,45589,64,relu,L1,False,True,sgd,True,8,32,LSTM,0.9861111044883728,0.03552566468715668,0.5416666865348816,1.1618167161941528,360,1724,0.5
12,2,45589,64,relu,L1,True,False,adam,True,9,32,GRU,0.9895833134651184,0.02358652465045452,0.4722222089767456,1.4025278091430664,360,1724,0.5
13,2,45589,64,relu,L1,True,False,adam,True,7,32,LSTM,0.96875,0.16725459694862366,0.5277777910232544,1.1307718753814697,360,1724,0.5
14,2,45589,64,relu,L1,True,False,rmsprop,True,7,32,GRU,0.9861111044883728,0.08829247206449509,0.4444444477558136,1.0890765190124512,360,1724,0.5
15,2,45589,64,relu,L1,True,False,rmsprop,True,6,32,LSTM,0.9791666865348816,0.18398280441761017,0.4305555522441864,1.2406997680664062,360,1724,0.5
16,2,45589,64,relu,L1,True,False,sgd,True,6,32,GRU,0.9756944179534912,0.2552044689655304,0.5138888955116272,1.0398805141448975,360,1724,0.5
17,2,45589,64,relu,L1,True,False,sgd,True,6,32,LSTM,0.96875,0.20676358044147491,0.4722222089767456,1.0488333702087402,360,1724,0.5
18,2,45589,64,relu,L1,True,True,adam,True,6,32,GRU,0.9409722089767456,0.2753504812717438,0.5,1.4332525730133057,360,1724,0.5
19,2,45589,64,relu,L1,True,True,adam,True,9,32,LSTM,0.9826388955116272,0.031789205968379974,0.5555555820465088,1.3044840097427368,360,1724,0.5
20,2,45589,64,relu,L1,True,True,rmsprop,True,6,32,GRU,0.9861111044883728,0.18191540241241455,0.4583333432674408,1.265989065170288,360,1724,0.5
21,2,45589,64,relu,L1,True,True,rmsprop,True,7,32,LSTM,0.9826388955116272,0.04362000152468681,0.4861111044883728,1.4894843101501465,360,1724,0.5
22,2,45589,64,relu,L1,True,True,sgd,True,6,32,GRU,0.9791666865348816,0.1308247596025467,0.4027777910232544,1.2943140268325806,360,1724,0.5
23,2,45589,64,relu,L1,True,True,sgd,True,6,32,LSTM,0.96875,0.2515616714954376,0.4305555522441864,1.1021406650543213,360,1724,0.5
24,2,45589,64,relu,,False,False,adam,True,11,32,GRU,0.9861111044883728,0.030284322798252106,0.5,1.3863599300384521,360,1724,0.5
25,2,45589,64,relu,,False,False,adam,True,8,32,LSTM,0.9826388955116272,0.07477685809135437,0.5138888955116272,0.9757855534553528,360,1724,0.5
26,2,45589,64,relu,,False,False,rmsprop,True,7,32,GRU,0.9895833134651184,0.06524692475795746,0.4444444477558136,1.2474027872085571,360,1724,0.5
27,2,45589,64,relu,,False,False,rmsprop,True,8,32,LSTM,0.9826388955116272,0.04443078115582466,0.4861111044883728,1.0093878507614136,360,1724,0.5
28,2,45589,64,relu,,False,False,sgd,True,7,32,GRU,0.9861111044883728,0.047105636447668076,0.4583333432674408,1.8075858354568481,360,1724,0.5
29,2,45589,64,relu,,False,False,sgd,True,6,32,LSTM,0.96875,0.20667307078838348,0.4305555522441864,1.0689959526062012,360,1724,0.5
30,2,45589,64,relu,,False,True,adam,True,8,32,GRU,0.9791666865348816,0.05200979486107826,0.4861111044883728,1.5360888242721558,360,1724,0.5
31,2,45589,64,relu,,False,True,adam,True,7,32,LSTM,0.9270833134651184,0.2648254632949829,0.4444444477558136,1.1442922353744507,360,1724,0.5
32,2,45589,64,relu,,False,True,rmsprop,True,9,32,GRU,0.9826388955116272,0.031003661453723907,0.4722222089767456,1.3759360313415527,360,1724,0.5
33,2,45589,64,relu,,False,True,rmsprop,True,10,32,LSTM,0.9895833134651184,0.021230824291706085,0.5416666865348816,1.4194518327713013,360,1724,0.5
34,2,45589,64,relu,,False,True,sgd,True,7,32,GRU,0.9826388955116272,0.2954816520214081,0.5416666865348816,0.801408052444458,360,1724,0.5
35,2,45589,64,relu,,False,True,sgd,True,8,32,LSTM,0.9895833134651184,0.028994731605052948,0.5416666865348816,1.4776558876037598,360,1724,0.5
36,2,45589,64,relu,,True,False,adam,True,6,32,GRU,0.9861111044883728,0.12626782059669495,0.4722222089767456,1.1488301753997803,360,1724,0.5
37,2,45589,64,relu,,True,False,adam,True,9,32,LSTM,0.9895833134651184,0.026376038789749146,0.5,1.5197492837905884,360,1724,0.5
38,2,45589,64,relu,,True,False,rmsprop,True,9,32,GRU,0.9930555820465088,0.02147729881107807,0.4305555522441864,1.3155200481414795,360,1724,0.5
39,2,45589,64,relu,,True,False,rmsprop,True,8,32,LSTM,0.9826388955116272,0.04856486618518829,0.4722222089767456,1.120116949081421,360,1724,0.5
40,2,45589,64,relu,,True,False,sgd,True,7,32,GRU,0.9791666865348816,0.26940861344337463,0.4861111044883728,0.9403250813484192,360,1724,0.5
41,2,45589,64,relu,,True,False,sgd,True,9,32,LSTM,0.9895833134651184,0.01983211189508438,0.5138888955116272,1.3323297500610352,360,1724,0.5
42,2,45589,64,relu,,True,True,adam,True,7,32,GRU,0.9895833134651184,0.048169270157814026,0.5277777910232544,2.4626762866973877,360,1724,0.5
43,2,45589,64,relu,,True,True,adam,True,7,32,LSTM,0.9722222089767456,0.0635475218296051,0.4444444477558136,1.2481967210769653,360,1724,0.5
44,2,45589,64,relu,,True,True,rmsprop,True,9,32,GRU,0.9791666865348816,0.0579143688082695,0.5,1.2848620414733887,360,1724,0.5
45,2,45589,64,relu,,True,True,rmsprop,True,6,32,LSTM,0.9722222089767456,0.20385868847370148,0.4166666567325592,1.1509613990783691,360,1724,0.5
46,2,45589,64,relu,,True,True,sgd,True,9,32,GRU,0.9861111044883728,0.024187717586755753,0.4444444477558136,1.4317156076431274,360,1724,0.5
47,2,45589,64,relu,,True,True,sgd,True,6,32,LSTM,0.9166666865348816,0.48518624901771545,0.4027777910232544,0.8351757526397705,360,1724,0.5
48,2,45589,64,relu,L2,False,False,adam,True,6,32,GRU,0.9652777910232544,0.21222259104251862,0.4861111044883728,1.1261847019195557,360,1724,0.5
49,2,45589,64,relu,L2,False,False,adam,True,6,32,LSTM,0.9791666865348816,0.2711765468120575,0.4305555522441864,1.0808686017990112,360,1724,0.5
50,2,45589,64,relu,L2,False,False,rmsprop,True,7,32,GRU,0.9861111044883728,0.038733869791030884,0.4861111044883728,1.2898144721984863,360,1724,0.5
51,2,45589,64,relu,L2,False,False,rmsprop,True,6,32,LSTM,0.9722222089767456,0.2782541811466217,0.4583333432674408,0.9557554721832275,360,1724,0.5
52,2,45589,64,relu,L2,False,False,sgd,True,9,32,GRU,0.9930555820465088,0.024996889755129814,0.5138888955116272,1.2694764137268066,360,1724,0.5
53,2,45589,64,relu,L2,False,False,sgd,True,8,32,LSTM,0.9895833134651184,0.06538307666778564,0.4861111044883728,1.353743076324463,360,1724,0.5
54,2,45589,64,relu,L2,False,True,adam,True,6,32,GRU,0.9826388955116272,0.22164008021354675,0.5,1.177499771118164,360,1724,0.5
55,2,45589,64,relu,L2,False,True,adam,True,6,32,LSTM,0.9791666865348816,0.46970775723457336,0.4166666567325592,0.7899914383888245,360,1724,0.5
56,2,45589,64,relu,L2,False,True,rmsprop,True,8,32,GRU,0.9861111044883728,0.05529838055372238,0.4861111044883728,1.0505712032318115,360,1724,0.5
57,2,45589,64,relu,L2,False,True,rmsprop,True,7,32,LSTM,0.9826388955116272,0.06853130459785461,0.4861111044883728,1.4677737951278687,360,1724,0.5
58,2,45589,64,relu,L2,False,True,sgd,True,9,32,GRU,0.9895833134651184,0.028109587728977203,0.5416666865348816,1.1129014492034912,360,1724,0.5
59,2,45589,64,relu,L2,False,True,sgd,True,6,32,LSTM,0.9479166865348816,0.3985893428325653,0.5138888955116272,0.7209110260009766,360,1724,0.5
60,2,45589,64,relu,L2,True,False,adam,True,7,32,GRU,0.9826388955116272,0.17339636385440826,0.4861111044883728,0.96580570936203,360,1724,0.5
61,2,45589,64,relu,L2,True,False,adam,True,8,32,LSTM,0.9826388955116272,0.03298473730683327,0.4583333432674408,1.5728144645690918,360,1724,0.5
62,2,45589,64,relu,L2,True,False,rmsprop,True,8,32,GRU,0.9930555820465088,0.023350302129983902,0.5,1.5255836248397827,360,1724,0.5
63,2,45589,64,relu,L2,True,False,rmsprop,True,6,32,LSTM,0.9548611044883728,0.3265831768512726,0.4444444477558136,0.9350257515907288,360,1724,0.5
64,2,45589,64,relu,L2,True,False,sgd,True,7,32,GRU,0.9826388955116272,0.081573486328125,0.4166666567325592,1.9763251543045044,360,1724,0.5
65,2,45589,64,relu,L2,True,False,sgd,True,6,32,LSTM,0.9861111044883728,0.12467727065086365,0.4861111044883728,1.635359287261963,360,1724,0.5
66,2,45589,64,relu,L2,True,True,adam,True,6,32,GRU,0.9513888955116272,0.3749857246875763,0.4027777910232544,1.0006710290908813,360,1724,0.5
67,2,45589,64,relu,L2,True,True,adam,True,6,32,LSTM,0.96875,0.21282833814620972,0.4305555522441864,1.2104302644729614,360,1724,0.5
68,2,45589,64,relu,L2,True,True,rmsprop,True,7,32,GRU,0.9722222089767456,0.12149064987897873,0.5138888955116272,0.9487167000770569,360,1724,0.5
69,2,45589,64,relu,L2,True,True,rmsprop,True,6,32,LSTM,0.9791666865348816,0.12038196623325348,0.3888888955116272,1.323392629623413,360,1724,0.5
70,2,45589,64,relu,L2,True,True,sgd,True,7,32,GRU,0.9791666865348816,0.05120253562927246,0.4583333432674408,1.0755977630615234,360,1724,0.5
71,2,45589,64,relu,L2,True,True,sgd,True,6,32,LSTM,0.9756944179534912,0.23101475834846497,0.4027777910232544,1.0905882120132446,360,1724,0.5
0,2,45589,64,relu,L1,False,False,adam,False,26,32,GRU,0.9826388955116272,0.11176268011331558,0.5277777910232544,1.9086613655090332,360,1724,0.5
1,2,45589,64,relu,L1,False,False,adam,False,17,32,LSTM,0.5,,0.5,,360,1724,0.5
2,2,45589,64,relu,L1,False,False,rmsprop,False,13,32,GRU,0.5,,0.5,,360,1724,0.5
3,2,45589,64,relu,L1,False,False,rmsprop,False,12,32,LSTM,0.5,,0.5,,360,1724,0.5
4,2,45589,64,relu,L1,False,False,sgd,False,15,32,GRU,0.5,,0.5,,360,1724,0.5
5,2,45589,64,relu,L1,False,False,sgd,False,12,32,LSTM,0.5,,0.5,,360,1724,0.5
6,2,45589,64,relu,L1,False,True,adam,False,16,32,GRU,0.5,,0.5,,360,1724,0.5
7,2,45589,64,relu,L1,False,True,adam,False,13,32,LSTM,0.5,,0.5,,360,1724,0.5
8,2,45589,64,relu,L1,False,True,rmsprop,False,24,32,GRU,0.9930555820465088,0.09334573149681091,0.4861111044883728,1.3271708488464355,360,1724,0.5
9,2,45589,64,relu,L1,False,True,rmsprop,False,17,32,LSTM,0.5,,0.5,,360,1724,0.5
10,2,45589,64,relu,L1,False,True,sgd,False,13,32,GRU,0.5,,0.5,,360,1724,0.5
11,2,45589,64,relu,L1,False,True,sgd,False,14,32,LSTM,0.5,,0.5,,360,1724,0.5
12,2,45589,64,relu,L1,True,False,adam,False,15,32,GRU,0.5,,0.5,,360,1724,0.5
13,2,45589,64,relu,L1,True,False,adam,False,15,32,LSTM,0.5,,0.5,,360,1724,0.5
14,2,45589,64,relu,L1,True,False,rmsprop,False,14,32,GRU,0.5,,0.5,,360,1724,0.5
15,2,45589,64,relu,L1,True,False,rmsprop,False,14,32,LSTM,0.5,,0.5,,360,1724,0.5
16,2,45589,64,relu,L1,True,False,sgd,False,14,32,GRU,0.5,,0.5,,360,1724,0.5
17,2,45589,64,relu,L1,True,False,sgd,False,32,32,LSTM,0.9895833134651184,0.05994623154401779,0.4444444477558136,1.2663164138793945,360,1724,0.5
18,2,45589,64,relu,L1,True,True,adam,False,13,32,GRU,0.5,,0.5,,360,1724,0.5
19,2,45589,64,relu,L1,True,True,adam,False,16,32,LSTM,0.5,,0.5,,360,1724,0.5
20,2,45589,64,relu,L1,True,True,rmsprop,False,13,32,GRU,0.5,,0.5,,360,1724,0.5
21,2,45589,64,relu,L1,True,True,rmsprop,False,18,32,LSTM,0.5,,0.5,,360,1724,0.5
22,2,45589,64,relu,L1,True,True,sgd,False,13,32,GRU,0.5,,0.5,,360,1724,0.5
23,2,45589,64,relu,L1,True,True,sgd,False,30,32,LSTM,0.9861111044883728,0.09263122081756592,0.4305555522441864,1.401747226715088,360,1724,0.5
24,2,45589,64,relu,,False,False,adam,False,14,32,GRU,0.5,,0.5,,360,1724,0.5
25,2,45589,64,relu,,False,False,adam,False,16,32,LSTM,0.5,,0.5,,360,1724,0.5
26,2,45589,64,relu,,False,False,rmsprop,False,24,32,GRU,0.9930555820465088,0.07870864868164062,0.4444444477558136,2.6299848556518555,360,1724,0.5
27,2,45589,64,relu,,False,False,rmsprop,False,14,32,LSTM,0.5,,0.5,,360,1724,0.5
28,2,45589,64,relu,,False,False,sgd,False,12,32,GRU,0.5,,0.5,,360,1724,0.5
29,2,45589,64,relu,,False,False,sgd,False,13,32,LSTM,0.5,,0.5,,360,1724,0.5
30,2,45589,64,relu,,False,True,adam,False,17,32,GRU,0.5,,0.5,,360,1724,0.5
31,2,45589,64,relu,,False,True,adam,False,27,32,LSTM,0.9861111044883728,0.07927027344703674,0.4166666567325592,2.023440361022949,360,1724,0.5
32,2,45589,64,relu,,False,True,rmsprop,False,15,32,GRU,0.5,,0.5,,360,1724,0.5
33,2,45589,64,relu,,False,True,rmsprop,False,12,32,LSTM,0.5,,0.5,,360,1724,0.5
34,2,45589,64,relu,,False,True,sgd,False,12,32,GRU,0.5,,0.5,,360,1724,0.5
35,2,45589,64,relu,,False,True,sgd,False,28,32,LSTM,0.9861111044883728,0.09439178556203842,0.4444444477558136,1.506894826889038,360,1724,0.5
36,2,45589,64,relu,,True,False,adam,False,12,32,GRU,0.5,,0.5,,360,1724,0.5
37,2,45589,64,relu,,True,False,adam,False,16,32,LSTM,0.5,,0.5,,360,1724,0.5
38,2,45589,64,relu,,True,False,rmsprop,False,14,32,GRU,0.5,,0.5,,360,1724,0.5
39,2,45589,64,relu,,True,False,rmsprop,False,16,32,LSTM,0.5,,0.5,,360,1724,0.5
40,2,45589,64,relu,,True,False,sgd,False,14,32,GRU,0.5,,0.5,,360,1724,0.5
41,2,45589,64,relu,,True,False,sgd,False,13,32,LSTM,0.5,,0.5,,360,1724,0.5
42,2,45589,64,relu,,True,True,adam,False,24,32,GRU,0.9861111044883728,0.1162307932972908,0.5138888955116272,1.3011746406555176,360,1724,0.5
43,2,45589,64,relu,,True,True,adam,False,13,32,LSTM,0.5,,0.5,,360,1724,0.5
44,2,45589,64,relu,,True,True,rmsprop,False,14,32,GRU,0.5,,0.5,,360,1724,0.5
45,2,45589,64,relu,,True,True,rmsprop,False,14,32,LSTM,0.5,,0.5,,360,1724,0.5
46,2,45589,64,relu,,True,True,sgd,False,22,32,GRU,0.5,,0.5,,360,1724,0.5
47,2,45589,64,relu,,True,True,sgd,False,12,32,LSTM,0.5,,0.5,,360,1724,0.5
48,2,45589,64,relu,L2,False,False,adam,False,13,32,GRU,0.5,,0.5,,360,1724,0.5
49,2,45589,64,relu,L2,False,False,adam,False,12,32,LSTM,0.5,,0.5,,360,1724,0.5
50,2,45589,64,relu,L2,False,False,rmsprop,False,12,32,GRU,0.5,,0.5,,360,1724,0.5
51,2,45589,64,relu,L2,False,False,rmsprop,False,13,32,LSTM,0.5,,0.5,,360,1724,0.5
52,2,45589,64,relu,L2,False,False,sgd,False,28,32,GRU,0.9965277910232544,0.06504391878843307,0.4861111044883728,1.47443425655365,360,1724,0.5
53,2,45589,64,relu,L2,False,False,sgd,False,13,32,LSTM,0.5,,0.5,,360,1724,0.5
54,2,45589,64,relu,L2,False,True,adam,False,16,32,GRU,0.5,,0.5,,360,1724,0.5
55,2,45589,64,relu,L2,False,True,adam,False,13,32,LSTM,0.5,,0.5,,360,1724,0.5
56,2,45589,64,relu,L2,False,True,rmsprop,False,15,32,GRU,0.5,,0.5,,360,1724,0.5
57,2,45589,64,relu,L2,False,True,rmsprop,False,14,32,LSTM,0.5,,0.5,,360,1724,0.5
58,2,45589,64,relu,L2,False,True,sgd,False,16,32,GRU,0.5,,0.5,,360,1724,0.5
59,2,45589,64,relu,L2,False,True,sgd,False,13,32,LSTM,0.5,,0.5,,360,1724,0.5
60,2,45589,64,relu,L2,True,False,adam,False,26,32,GRU,0.5,,0.5,,360,1724,0.5
61,2,45589,64,relu,L2,True,False,adam,False,13,32,LSTM,0.5,,0.5,,360,1724,0.5
62,2,45589,64,relu,L2,True,False,rmsprop,False,13,32,GRU,0.5,,0.5,,360,1724,0.5
63,2,45589,64,relu,L2,True,False,rmsprop,False,14,32,LSTM,0.5,,0.5,,360,1724,0.5
64,2,45589,64,relu,L2,True,False,sgd,False,14,32,GRU,0.5,,0.5,,360,1724,0.5
65,2,45589,64,relu,L2,True,False,sgd,False,12,32,LSTM,0.5,,0.5,,360,1724,0.5
66,2,45589,64,relu,L2,True,True,adam,False,15,32,GRU,0.5,,0.5,,360,1724,0.5
67,2,45589,64,relu,L2,True,True,adam,False,15,32,LSTM,0.4930555522441864,,0.5,,360,1724,0.5
68,2,45589,64,relu,L2,True,True,rmsprop,False,20,32,GRU,0.5,,0.5,,360,1724,0.5
69,2,45589,64,relu,L2,True,True,rmsprop,False,28,32,LSTM,0.9861111044883728,0.11660858988761902,0.5,1.5219255685806274,360,1724,0.5
70,2,45589,64,relu,L2,True,True,sgd,False,27,32,GRU,0.9826388955116272,0.12205617874860764,0.4444444477558136,1.500797152519226,360,1724,0.5
71,2,45589,64,relu,L2,True,True,sgd,False,17,32,LSTM,0.5,,0.5,,360,1724,0.5
